"","clean_text","anger","anticipation","disgust","fear","joy","sadness","surprise","trust"
"1","Pretty sure that her bio says either classic or jazz i do not know",0,1,0,0,1,0,0,1
"2","Fr",0,0,0,0,0,0,0,0
"3","Fr",0,0,0,0,0,0,0,0
"4","I get quiet when theres no one",0,0,0,0,0,1,0,0
"5",NA,0,0,0,0,0,0,0,0
"6","Me and you and awkward silencezoesanaafostergolver",0,0,0,0,0,0,0,0
"7",NA,0,0,0,0,0,0,0,0
"8","i am not reading allat",0,0,0,0,0,0,0,0
"9","zoesanaafostergolver I wanted to but I got too scared",0,0,0,0,0,0,0,0
"10","I WAS LISTENING TO THIS AT  AM",0,0,0,0,0,0,0,0
"11","i do not know BRO IT IS SO GOOD",0,1,0,0,1,0,1,1
"12","we have the same profile picture ",0,0,0,0,0,0,0,0
"13","what",0,0,0,0,0,0,0,0
"14","LIT",0,0,0,0,0,0,0,0
"15","",0,0,0,0,0,0,0,0
"16","Ok so the story is he liked me too so we dated and he cheated on me",0,0,0,0,0,0,0,0
"17","Lobotomy ahh pfp",0,0,0,0,0,0,0,0
"18","Brilliant on Sunday Brunch last weekend",0,1,0,0,1,0,0,1
"19","Well l texted her and she",0,0,0,0,0,0,0,0
"20","Was silent",0,0,0,0,0,0,0,0
"21","They confessed on the last day of school",0,0,0,0,0,0,0,1
"22","finally someone that love",0,1,1,0,2,0,1,1
"23","blackawita yeah",0,0,0,0,0,0,0,0
"24","Congrautualtios Already man Wish the best for both of you",0,0,0,0,0,0,0,0
"25","OK IMA TRY THIS ON TUESDAY SINCE I DONT HAVE SCHOOL TMMR  ILL UPDATE YALL SOON",1,0,1,1,0,1,0,1
"26","Take yo meds old head",0,0,0,0,0,0,0,0
"27","isxrtthere are bugs under your skin",0,0,0,0,0,0,0,0
"28","aw that is so sweet",0,1,0,0,1,0,1,1
"29","Hhfjf",0,0,0,0,0,0,0,0
"30","alliei rip off your skin to get them out",0,0,0,0,0,0,0,0
"31","alliei what",0,0,0,0,0,0,0,0
"32","MiaukocjaTheOriginal there was a person insulting the women that is all",1,0,1,1,0,1,0,0
"33","alliei oh mk i just got confused laughing out loud",0,0,0,0,1,0,0,0
"34","Aw that is so cute ",0,0,0,0,0,0,0,0
"35","Aw that is sweet",0,1,0,0,1,0,1,1
"36","I am  and just love LaufeyShe is so refreshing",0,0,0,0,1,0,0,0
"37",NA,0,0,0,0,0,0,0,0
"38","THREE MORE",0,0,0,0,0,0,0,0
"39","ZAMN",0,0,0,0,0,0,0,0
"40","you aree",0,0,0,0,0,0,0,0
"41",NA,0,0,0,0,0,0,0,0
"42","you need people who wont judge you for things like this I say as i dont tell anybody either",0,1,0,0,0,0,0,0
"43","Then you tell us what that little person said",0,0,0,0,0,0,0,0
"44","duendesmagicosxdyea",0,0,0,0,0,0,0,0
"45","Do it bruh",0,0,0,0,0,0,0,0
"46","Ask her Monday wish me luck",0,1,0,0,1,0,1,0
"47","She said no",0,0,0,0,0,0,0,0
"48","that is actually so cute",0,0,0,0,0,0,0,0
"49","Good luck",0,2,0,0,2,0,2,1
"50","I did it",0,0,0,0,0,0,0,0
"51","Yo what did they say",0,0,0,0,0,0,0,0
"52","cosmoI like u to",0,0,0,0,0,0,0,0
"53","womp womp",0,0,0,0,0,0,0,0
"54","bf",0,0,0,0,0,0,0,0
"55","Alright goodluck",0,0,0,0,0,0,0,0
"56",NA,0,0,0,0,0,0,0,0
"57","please help me",0,0,0,0,0,0,0,0
"58","You should",0,0,0,0,0,0,0,0
"59","can not let gang know",1,0,0,1,0,0,0,0
"60","but really",0,0,0,0,0,0,0,0
"61","He did not like me but anyway his bsf did",0,0,0,0,0,0,0,0
"62","Do it",0,0,0,0,0,0,0,0
"63",NA,0,0,0,0,0,0,0,0
"64","I am the th like hehe go ahead",0,0,0,0,0,0,0,0
"65","Do it bro",0,0,0,0,0,0,0,0
"66","I will wait for your reply I am always listening this song hahahahah",0,1,0,0,0,0,0,0
"67","Who are the to laugh about her",0,0,0,0,1,0,1,0
"68","And",0,0,0,0,0,0,0,0
"69","s m s js",0,0,0,0,0,0,0,0
"70","aww",0,0,0,0,0,0,0,0
"71","PEOPLE NEED TO LIKE THIS WE NEED TO SAVE HIM FROM THE RISK",0,1,0,1,1,0,0,1
"72","GO ON",0,0,0,0,0,0,0,0
"73","What did your crush say",0,0,0,0,0,0,0,0
"74","What she say bro",0,0,0,0,0,0,0,0
"75","What she say brother",0,0,0,0,0,0,0,1
"76","God speed brother",0,1,0,1,1,0,0,2
"77","Lil bro did not",0,0,0,0,0,0,0,0
"78","I believe in you bruda",0,0,0,0,0,0,0,0
"79","What did your crush say dude",0,0,0,0,0,0,0,0
"80","Cute nice begin",0,0,0,0,0,0,0,0
"81","what she say",0,0,0,0,0,0,0,0
"82","The reply bruv",0,0,0,0,0,0,0,0
"83","",0,0,0,0,0,0,0,0
"84","he did not confess",0,0,0,0,0,0,0,1
"85","it is okay",0,0,0,0,0,0,0,0
"86",NA,0,0,0,0,0,0,0,0
"87","Matrixhun You too",0,0,0,0,0,0,0,0
"88","WHAT DID SHE SAY",0,0,0,0,0,0,0,0
"89","My crush is my boy best friend but he has a crush on someone and I do not wanna get rejected or make him mad",1,0,2,1,1,1,0,1
"90","We will never know what happened",0,0,0,0,0,0,0,0
"91","He do not check his notifications",0,0,0,0,0,0,0,0
"92","what did it say",0,0,0,0,0,0,0,0
"93","Now confess",0,0,0,0,0,0,0,1
"94","do it",0,0,0,0,0,0,0,0
"95","IKR",0,0,0,0,0,0,0,0
"96","Fr tho",0,0,0,0,0,0,0,0
"97","Both are good depending how you are feeling",1,2,1,1,2,1,2,2
"98","birgitterizkalla you are right",0,0,0,0,0,0,0,0
"99","oh my god Laufey this is the first full video I am seeing of yours and this song and all your songs are so beautiful I think you have earned yourself a new fani love you",0,1,0,1,3,0,0,1
"100","I Can feel myself in your songs they are so prewtty ",0,0,0,0,0,0,0,0
"101","gay",0,0,0,0,0,0,0,0
"102","Not a good kid anymore amirite",0,1,0,0,1,0,1,1
"103",NA,0,0,0,0,0,0,0,0
"104","That is so true",0,0,0,0,0,0,0,0
"105","I lo",0,0,0,0,0,0,0,0
"106","Same",0,0,0,0,0,0,0,0
"107","Upd guys I confessed and she ignored my chats after looks like I am cooked I really liked her tho since the start of the school year",0,1,0,0,0,0,0,1
"108","We have the same humor so I liked her more but I did not expect she will ignore me after I confess She should have said straght it is fine if I get rejected just dont ignore me bc I like so much",0,1,0,0,0,0,1,2
"109","we are close but just a short time",0,1,0,0,0,0,0,0
"110"," registered trademark ",0,0,0,0,0,0,0,0
"111","Why Not",0,0,0,0,0,0,0,0
"112","Yes Just use all your confidence And if he does not like you back it is alright do not worry You can always try again",0,1,0,2,1,1,0,1
"113"," more buddy",0,1,0,0,1,0,0,1
"114"," more",0,0,0,0,0,0,0,0
"115","how did it go",0,0,0,0,0,0,0,0
"116","And",0,0,0,0,0,0,0,0
"117","blud forgot",0,0,0,0,0,0,0,0
"118","hazlo",0,0,0,0,0,0,0,0
"119","Bro do not leave us like that unless you are a like beggar",0,0,0,0,0,2,1,0
"120","Ight bro how it goes",0,0,0,0,0,0,0,0
"121","hermano hazlo",0,0,0,0,0,0,0,0
"122","Do it bro",0,0,0,0,0,0,0,0
"123","How did it go",0,0,0,0,0,0,0,0
"124","Tell us",0,0,0,0,0,0,0,0
"125","Tell us",0,0,0,0,0,0,0,0
"126","it is time my boy",0,1,1,0,0,0,0,0
"127","Que paso papa",0,0,0,0,0,0,0,0
"128","your at  likes Have yu confessed yet",0,0,0,0,0,0,0,0
"129","Howdit go bros",0,0,0,0,0,0,0,0
"130","Parcero entonces",0,0,0,0,0,0,0,0
"131","He did forgot",0,0,0,0,0,0,0,0
"132","What happen",0,1,0,0,0,0,0,0
"133","Good luck fam",0,2,0,0,2,0,2,1
"134","F",0,0,0,0,0,0,0,0
"135","So what he said",0,0,0,0,0,0,0,0
"136","zulemamagalyurizarquiroa it is not  yet still scared about it",0,0,0,0,0,0,0,0
"137","Update us when you do",0,0,0,0,0,0,0,0
"138","qlangohr I will",0,0,0,0,0,0,0,0
"139","Hii",0,0,0,0,0,0,0,0
"140","I will tell him in to weeks because I can not go to school I had surgery",0,0,0,1,0,1,0,1
"141","I got rejected",0,0,0,0,0,0,0,0
"142","stephaniee Awwit is okay copyright",0,0,0,0,0,0,0,0
"143","This is Jazz",0,0,0,0,0,0,0,0
"144","She will save jazz music",0,0,0,0,2,1,0,1
"145","stxrgrl it is jazzpop fusion",0,0,0,0,0,0,0,0
"146","Dont worry its hood certified",1,1,1,2,0,1,0,0
"147","Please",0,0,0,0,0,0,0,0
"148","Update",0,0,0,0,0,0,0,0
"149",NA,0,0,0,0,0,0,0,0
"150","Ok I will do it tomorrow",0,1,0,0,0,0,0,0
"151","jacquelineuyyou can do this",0,0,0,0,0,0,0,0
"152","Ya i asked and he had feelings for me",0,0,0,0,0,0,0,0
"153","half white half chinese",0,1,0,0,1,0,0,1
"154","Father is Icelandic and her mother is originally from China",0,1,0,0,1,1,0,2
"155","I get quiet when there is no else around",0,0,0,0,0,1,0,0
"156","Me and you in awkward silence",0,0,0,0,0,0,0,0
"157","do not you dare look at me that way",0,1,0,0,0,0,0,1
"158","I do not need reminders of how you do not feel the same",0,0,0,0,0,0,0,0
"159","Oh the burning pain",0,0,0,1,0,1,0,0
"160","Listening to you harp on bout some new soulmate",1,0,0,1,0,0,0,0
"161","She is so perfect blahblahblah",0,1,0,0,1,0,0,1
"162","Ohhow I wish you will wake up one day",0,0,0,0,0,0,0,0
"163","Run to me confess your love at least just let me say",0,0,0,0,1,0,0,1
"164","That when I talk to u Cupid walks right through and shoots an arrow through my heart",0,0,0,0,0,0,0,0
"165","And I sound like a loon but do not you feel it to Confess I loved you from the start",0,1,1,0,0,0,0,1
"166","what is a girl to do Lying on my bed staring into blue Unrequited terrifying",1,0,1,0,0,2,0,0
"167","Love is driving me a bit insaneHave to get this off my chest lm telling you today",0,0,0,0,1,0,0,0
"168","That when I talk to you Oh Cupid walks right through and shoots an arrow through my heart And sound like a loon but do not you feel it to Confess I loved you from the start",0,1,1,0,0,0,0,1
"169","Confess I loved just thinking of you I know lve loved you from the start",0,1,0,0,0,0,0,1
"170",NA,0,0,0,0,0,0,0,0
"171","what is a girl to do",0,0,0,0,0,0,0,0
"172","",0,0,0,0,0,0,0,0
"173","This is like a pop jazz but mostly bossa nova",0,0,0,0,0,0,1,0
"174","she liked me",0,0,0,0,0,0,0,0
"175","evolicongrats so happy for you",0,1,0,0,1,0,0,1
"176","Aww I am so happy for you ",0,1,0,0,1,0,0,1
"177","Nig got the best endingevoli",0,0,0,0,0,0,0,0
"178","sae ty",0,0,0,0,0,0,0,0
"179","evolicongratulations mate God bless both of you",0,2,0,1,2,0,0,3
"180","satyanarayannayakaww thanks",0,0,0,0,0,0,0,0
"181","WERE SO CLOSE TO  LIKES",0,0,0,0,0,0,0,0
"182","I disliked",1,0,0,0,0,1,0,0
"183","evolidang I have no crush",0,0,0,0,0,0,0,0
"184","so sorry for u",0,0,0,0,0,0,0,0
"185","evoli it is OK and I do not think about crushes I think more about my school",0,0,0,0,0,0,0,1
"186","good  u",0,1,0,0,1,0,1,1
"187","arthurgonser",0,0,0,0,0,0,0,0
"188","it is ok",0,0,0,0,0,0,0,0
"189","La acabas de escuchar ",0,0,0,0,0,0,0,0
"190","ME",0,0,0,0,0,0,0,0
"191"," hour ago ",0,0,0,0,0,0,0,0
"192","silly cat videos",0,0,0,0,1,0,0,0
"193","Poor me cent",0,0,0,0,0,0,0,0
"194","Lagu ini mengigatkan ku janji kecil ke dia namun sayang unrequited love yang ku terima telah meyakinkanku bahwa aku akan mati tanpa cinta",0,0,0,0,1,1,0,0
"195","if it is not hard and hurt it is not love stay strong",1,0,0,1,1,1,0,0
"196","I am sorry for rambling but this song is just describing my entire situation right now",0,0,0,0,0,0,0,0
"197","I love this song",0,0,0,0,1,0,0,0
"198","Nawh fuck that me and homies cry together",0,0,0,0,0,1,0,0
"199","DrJ aha awesome",0,0,0,0,0,0,0,0
"200","No sorry",0,0,0,0,0,0,0,0
"201","Days ",0,0,0,0,0,0,0,0
"202","Days ",0,0,0,0,0,0,0,0
"203","Days ",0,0,0,0,0,0,0,0
"204","Real",0,0,0,0,0,0,0,1
"205","just know that random strangers everywhere care like me we have all had those thoughts before but then I think about the life I still can live We care about you friend ",0,0,0,0,1,0,0,1
"206","startersheep Oh I do not even know what to say I am just really down right now I feel so bad everyday but your comment made my day better I really thank you from the bottom of my heart",1,0,1,1,0,2,0,0
"207","Same here ",0,0,0,0,0,0,0,0
"208","",0,0,0,0,0,0,0,0
"209","",0,0,0,0,0,0,0,0
"210","I like u",0,0,0,0,0,0,0,0
"211","Cause you like her music",0,0,0,0,1,1,0,0
"212","she is Chinese and Icelandic",0,0,0,0,0,0,0,0
"213","No lo amas amas el idea de estar con el",0,0,0,0,0,0,0,0
"214","I know right kinda reminds me of Love Like You",0,0,0,0,1,0,0,0
"215","HELL YEAH ",1,0,1,1,0,1,0,0
"216",NA,0,0,0,0,0,0,0,0
"217","real",0,0,0,0,0,0,0,1
"218","i hope you are okay now bro that is hard to go through ",0,1,0,0,1,0,1,1
"219","",0,0,0,0,0,0,0,0
"220","Well just yesterday I and my boyfriend broke up I hope I get over him just as you did even though it seems impossible",0,1,0,1,1,2,1,1
"221","Neka you will get through it",0,0,0,0,0,0,0,0
"222","So happy youre not sad anymore It is so hard but we get through it and bigger and better things are heading your way ",0,1,0,0,1,0,0,1
"223","It can be about a lot of different types of love",0,0,0,0,1,0,0,0
"224","liar",0,0,1,0,0,0,0,0
"225","your so amazing",0,0,0,0,0,0,0,0
"226","Use a little joke about having kids spicy things or marriage when appropriate and you can guage their reaction without risking the friendship getting weird If it is positive then you can confess at some point if it is not you can play it off as a joke ",0,1,1,0,2,0,0,3
"227","GalacticNovaOverlordthank u for the tip",0,0,0,0,0,0,0,0
"228",NA,0,0,0,0,0,0,0,0
"229","ColonelStraker Yea I have told him but he does not seem to care Oh well",0,0,0,0,0,0,0,0
"230","he will but not now",0,0,0,0,0,0,0,0
"231","Good luck",0,2,0,0,2,0,2,1
"232","What",0,0,0,0,0,0,0,0
"233","YOU MADE ME CRY BOY",0,0,1,0,0,1,0,0
"234","useruijyhzoSame",0,0,0,0,0,0,0,0
"235","Ohmygosh",0,0,0,0,0,0,0,0
"236","Oh boy cent u did the right thing I cried sl hard with your story",0,0,1,0,0,0,0,0
"237","Que emocion en tus palabras Entiendo que son una pareja del mismo del mismo genero les deseo suerte",0,0,0,0,0,0,0,0
"238","Gratitudes Life is very hard",0,0,0,0,0,0,0,0
"239","this means alot to me random dude on the internet especially after getting dumped man",0,0,0,0,0,0,0,0
"240","Same here her music makes me fall in love with the little things in life",0,0,0,0,2,2,0,0
"241","As a metalhead I havent stopped listening to her for months her music is so powerful and heartwarming",1,1,1,1,2,1,0,1
"242","Her and Mines hopefully",0,0,0,0,0,0,0,0
"243","YO SAIKI K FAN laughing out loud me too to be honest",1,0,1,1,2,1,0,1
"244","I almost killed myself when the therapists told me you did not love me It was more painful than anything else in the world but still I did not believe it But hearing that I have been a fool all this time and I should have believed everyone else has been the most painful thing You have never rejected me You have almost always made me feel special even when you hated me because I was the most to you but now i am average and nothing hurts more than being average I finally thought I had found someone who felt the same way I did about them You used to love me so much I wish you would not have refilled my hope with pretty words and honey filled lies just to tell me you do not know how you feel I have put so much faith that throughout all the abuse you still loved me That you would change for me I am such a dumbass I never wanted to regret this",3,6,4,4,7,3,2,6
"245","I have read so many of your suicide notes telling me I was the reason why and yet I have still chosen to be strong for you To calm you down from panic attacks and talk you out of self harm and help you I have gotten on my knees and barked like a damn dog gleefully hoping it would make you happy and the second I do not do that anymore you throw me away Because you dont remember what we used to be like I am so exhausted of this up and down I am trying so hard to be grounded for you",2,1,1,4,1,3,0,1
"246","I dont know what I see in you either Because it has hurt so bad To be told EVERYTHING I have shown the whole world how you violated and abused me I have written about it I will publish these things some day and I hope it will never stop haunting you But still I love you I love the person who hurts me more than anything else in the world I love you even when you make me feel like such shit Am I choosing this Is this just a feeling I am helpless to",4,2,3,4,3,4,2,2
"247","Whar",0,0,0,0,0,0,0,0
"248","that is the point",0,0,0,0,0,0,0,0
"249","Valid",0,0,0,0,0,0,0,0
"250","Based",0,0,0,0,0,0,0,0
"251","give me a man who listens to Laufey PLEASE",0,0,0,0,0,0,0,0
"252","I just discovered her  days ago and I am an instant fanBoubouDuconsbcb",0,0,0,0,0,0,0,0
"253","BoubouDuconsbcb REAL",0,0,0,0,0,0,0,1
"254","",0,0,0,0,0,0,0,0
"255","hell yeah brother",1,0,1,1,0,1,0,1
"256",NA,0,0,0,0,0,0,0,0
"257","I will beat my hairy chest and slick my monobrow",0,0,1,0,0,0,0,0
"258","BoubouDuconsbcb I would but I think you are too young for a silver fox like me",0,1,0,0,1,0,1,0
"259","BoubouDuconsbcbso I got this classmate he loves laufey and mitski",0,0,0,0,0,0,0,0
"260","real men listen to real men by mitski",0,0,0,0,0,0,0,1
"261","ONG",0,0,0,0,0,0,0,0
"262","I am probably the most masc person out of my friend group and this song has got me sobbing bro",0,0,0,0,1,0,0,1
"263","Update ive reached that one day and currently in that some day but honestly still feeling numb Ill just let it flow I got noth to lose when all i hve is myself",3,1,3,3,1,3,2,1
"264","masa boss",0,0,0,0,0,0,0,0
"265","I would just move on you may now believe me but relationships are not very optimal till college",0,0,0,0,0,0,0,0
"266","selawe",0,0,0,0,0,0,0,0
"267","hopefully you can let go you have to i have to as well it is not easy at all and it will maybe even take years eventually this will be over for you and me i can only hope that day is sooner than later wishing you the best darling",0,1,0,0,2,0,1,2
"268","TrapConnoisseur tsym best wishes to you too",0,0,0,0,0,0,0,0
"269","tskr",0,0,0,0,0,0,0,0
"270","thank you so much for this ",0,0,0,0,0,0,0,0
"271","Thanx champ",0,0,0,0,0,0,0,0
"272","thankyou so much ewe",0,0,0,0,0,0,0,0
"273","My sugar cube",0,0,0,0,0,0,0,1
"274","What do you know about laufey ",0,0,0,0,0,0,0,0
"275","exactly",0,0,0,0,0,0,0,0
"276",NA,0,0,0,0,0,0,0,0
"277","Listen to all her songs its so good I think her most famous one is this or from the start",0,2,0,0,1,0,1,1
"278","Justahijabichilling will do Thanks for the recommendation loving her   ",0,0,0,0,1,0,0,1
"279","REALL",0,0,0,0,0,0,0,0
"280","Now i have it and damn it it is kind of weird",1,0,2,0,1,0,0,1
"281","he tells me I am prettydo not know how to respond",0,0,0,0,0,0,0,0
"282","me too",0,0,0,0,0,0,0,0
"283","W",0,0,0,0,0,0,0,0
"284","how did it go",0,0,0,0,0,0,0,0
"285","Any updates",0,0,0,0,0,0,0,0
"286","",0,0,0,0,0,0,0,0
"287","SO REAL FOR THAT",0,0,0,0,0,0,0,1
"288","OMFG I AM NOW GONNA ASSOCIATE THIS SONG WITH HUSKEDDUST THANK YOU",0,0,0,0,0,0,0,1
"289","Just some vocals like buh da da buh dumm",0,0,0,0,0,0,0,0
"290","Bro I have listened to every laufey song from the start is good",0,2,0,0,1,0,1,1
"291","I liked my own comment",0,0,0,0,0,0,0,0
"292","laughing out loud",0,0,0,0,1,0,0,0
"293","he has good taste bro",0,1,0,0,1,0,1,1
"294","facts",0,0,0,0,0,0,0,1
"295","Prob laughing out loud",0,0,0,0,1,0,0,0
"296","do not know how to respond",0,0,0,0,0,0,0,0
"297","get help",0,0,0,0,0,0,0,0
"298","One day bro",0,0,0,0,0,0,0,0
"299","",0,0,0,0,0,0,0,0
"300","fr",0,0,0,0,0,0,0,0
"301",NA,0,0,0,0,0,0,0,0
"302",NA,0,0,0,0,0,0,0,0
"303","youre not the only one ",0,0,0,0,0,0,0,0
"304","I was not on Valentines but I am now",0,0,0,0,0,0,0,0
"305",NA,0,0,0,0,0,0,0,0
"306","WE BEING ALONE WITH THIS ONE ",0,0,0,0,0,0,0,0
"307","WE MAKING IT OUT OF DEPRESSION WITH THIS ONE ",0,0,0,0,0,1,0,0
"308","SAME",0,0,0,0,0,0,0,0
"309","",0,0,0,0,0,0,0,0
"310","Haha gotcha",0,0,0,0,0,0,0,0
"311","Samee",0,0,0,0,0,0,0,0
"312","samee",0,0,0,0,0,0,0,0
"313","Tysm",0,0,0,0,0,0,0,0
"314","",0,0,0,0,0,0,0,0
"315","mitski on top frfr",0,1,0,0,0,0,0,1
"316","",0,0,0,0,0,0,0,0
"317","",0,0,0,0,0,0,0,0
"318","registered trademark",0,0,0,0,0,0,0,0
"319","",0,0,0,0,0,0,0,0
"320","from the start",0,1,0,0,0,0,0,0
"321","klkllop",0,0,0,0,0,0,0,0
"322",NA,0,0,0,0,0,0,0,0
"323","",0,0,0,0,0,0,0,0
"324","mu registered trademark",0,0,0,0,0,0,0,0
"325",NA,0,0,0,0,0,0,0,0
"326","",0,0,0,0,0,0,0,0
"327",NA,0,0,0,0,0,0,0,0
"328",NA,0,0,0,0,0,0,0,0
"329","call her",0,0,0,0,0,0,0,0
"330","IF HAHAHA",0,0,0,0,0,0,0,0
"331","linasoto if",0,0,0,0,0,0,0,0
"332",NA,0,0,0,0,0,0,0,0
"333","hleptobujda ohh",0,0,0,0,0,0,0,0
"334","I have loved this song FROM THE START",0,1,0,0,0,0,0,0
"335","no fucking shit",1,0,1,0,0,0,0,0
"336","Who asked you if you do not like it skip",0,0,0,0,0,0,0,0
"337","REAL",0,0,0,0,0,0,0,1
"338","How did it go",0,0,0,0,0,0,0,0
"339","ketanmanchanda rlly good he said he loved it and he kissed me we made sure no one could see tho obviously",0,1,0,0,1,0,1,1
"340","me and your man",0,0,0,0,0,0,0,0
"341","",0,0,0,0,0,0,0,0
"342","",0,0,0,0,0,0,0,0
"343","",0,0,0,0,0,0,0,0
"344","",0,0,0,0,0,0,0,0
"345","",0,0,0,0,0,0,0,0
"346","",0,0,0,0,0,0,0,0
"347","",0,0,0,0,0,0,0,0
"348","",0,0,0,0,0,0,0,0
"349","",0,0,0,0,0,0,0,0
"350","",0,0,0,0,0,0,0,0
"351","Not better then the original",0,0,0,0,0,0,0,0
"352","Jazz",0,0,0,0,0,0,0,0
"353","",0,0,0,0,0,0,0,0
"354","I do it too",0,0,0,0,0,0,0,0
"355","Same",0,0,0,0,0,0,0,0
"356","Nope her music is an absolute treasure ",0,1,0,0,2,1,0,1
"357","Nah",0,0,0,0,0,0,0,0
"358","I say laugh excuse me",0,0,0,0,1,0,1,0
"359","When I saw your comment I was listening to the song and heard it at the same time",0,1,0,0,0,0,0,0
"360",NA,0,0,0,0,0,0,0,0
"361","It always will",0,0,0,0,0,0,0,0
"362","Just what made you feel the need to say that",0,0,0,0,0,0,0,0
"363","Where u gonna find one",0,0,0,0,0,0,0,0
"364","do not worry bro I turned  and on the same boat",0,1,0,1,0,1,0,0
"365","Cap",0,1,0,0,0,0,0,1
"366",NA,0,0,0,0,0,0,0,0
"367","Santa",0,0,0,0,0,0,0,0
"368","Iheartchoi so inaano ba kita",0,0,0,0,0,0,0,0
"369","okay",0,0,0,0,0,0,0,0
"370","Literally same  haha",0,0,0,0,0,0,0,0
"371","it will SOUND GREAT OMMG",0,0,0,0,0,0,0,0
"372","nt I WAS TRYING TO CONTAIN MY EXCITEMENT",0,1,0,0,1,0,1,0
"373","AH PLS TELL HER THAT we are CHEERING FOR HER",0,0,0,0,1,0,0,0
"374","Juko I will my friend  she is actually in a class I am taking right now I will tell her tomorrow ",0,1,0,0,1,0,0,1
"375",NA,0,0,0,0,0,0,0,0
"376","Update",0,0,0,0,0,0,0,0
"377","Yes Hello update time We did not ever have time to do it  I am still encouraging her to sing it for a concert but I do not know if the new jazz director will let her I might have to set up a separate gig with her",0,2,0,0,1,1,0,2
"378","What genre is that",0,0,0,0,0,0,0,0
"379","tama kana",0,0,0,0,0,0,0,0
"380","That is so cute I am so happy for you ",0,1,0,0,1,0,0,1
"381","I think it is jazz",0,0,0,0,0,0,0,0
"382","imnotsei it doesnt give jazz",0,0,0,0,0,0,0,0
"383","slayerliciousscoliosis well it is stated in her info that it is modern jazz",0,0,0,0,0,0,0,0
"384","imnotsei it doesnt radiate jazz",0,0,0,0,0,0,0,0
"385","Search for Julie London s torch singer and try I am In The Mood For Love",0,0,0,0,1,0,0,0
"386","Aw sorry to hear Best wishes",0,0,0,0,0,0,0,0
"387","obviously his gf would be his valentine",0,0,0,0,0,0,0,0
"388","congrats",0,0,0,0,0,0,0,0
"389",NA,0,0,0,0,0,0,0,0
"390","we twinning frl",0,0,0,0,0,0,0,0
"391","nickbacchusfr",0,0,0,0,0,0,0,0
"392","we twinning fr",0,0,0,0,0,0,0,0
"393","Unfortunately no",0,0,0,0,0,0,0,0
"394","I hope this is what you meant",0,1,0,0,1,0,1,1
"395","like it was  jazz",0,0,0,0,0,0,0,0
"396","also I just turned  last month and I also do not know who I want to become what coincidences",0,0,0,0,0,0,0,0
"397","update im sad this did not go viral on valentines day ",0,0,0,0,0,0,0,0
"398","This world loves you",0,0,0,0,0,0,0,0
"399","Chet Baker is one of her idols you can see it in her rendition of I have Never Been in Love Before and of course Just Like Chet",0,0,0,0,1,0,0,0
"400","slugcow thanks for informing me",0,0,0,0,0,0,0,0
"401","Oop it could be she is trying to tell you something pretend you do not know but still recognize it as to not hurt her feelings or maybe she just likes this song If that is the case just compliment the song",1,1,0,2,1,2,1,1
"402","Can you tell me what phrase do you like the most and why",0,0,0,0,0,0,0,0
"403","ivelissesairro There are several in these lyrics and in all of her songs In this tune it is I am only  I do not even know who I want to become Sorry I forgot to add why This line is so simple yet profoundly true of everyone and at many different ages as people mature It is very wise and thought provoking in a self reflection study",1,1,1,0,0,0,0,0
"404","You gotta try",0,0,0,0,0,0,0,0
"405","there is other songs like this from her which I am absolutely in LOVE with there is Fragile Falling Behind and Dear Soulmate but honestly all of her songs are just SO DAMN GOOD",1,1,1,2,2,2,1,1
"406","rises the moon i find pretty similar to this in terms of vibes",0,1,0,0,1,0,0,1
"407","Listen to Maye you will definitely love her songs I recommend you Yours Tu My Love Versos de Placer Maybe Baby You can thank me later",0,0,0,0,2,0,0,1
"408","everything is a risk risk losing him to another girl risk him losing attraction or risk getting together and not working out everything you do is a risk take calculated risks and ask your self which is worth the risk",1,1,0,1,0,1,0,0
"409","you are both scared Means you both want it to work so badly regardless of the reasons Grab his hand with both of yours and tell him you are terrified but want to make it work Maybe say that you love him Love is fucking terrifying but that is why you get through it with someone else Just take a chance and do not let go of his hand",1,0,0,0,1,1,1,0
"410","so its true everybody loves your songs",0,0,0,0,0,0,0,0
"411","Nahh",0,0,0,0,0,0,0,0
"412","no",0,0,0,0,0,0,0,0
"413",NA,0,0,0,0,0,0,0,0
"414","Real",0,0,0,0,0,0,0,1
"415","Hell yeah",1,0,1,1,0,1,0,0
"416","Nao forca calabreso",0,0,0,0,0,0,0,0
"417","gabrochart do not force pepperoni ",1,0,0,1,0,0,0,0
"418","bobski im joking by the way nothing against you",0,0,0,0,0,0,0,0
"419","iess iou cajn bee",1,0,0,1,0,0,0,0
"420","ui have to end",0,0,0,0,0,0,0,0
"421","nou plis",0,0,0,0,0,0,0,0
"422","bie bie",0,0,0,0,0,0,0,0
"423","Lyn did a cover of let you break my heart again on Tik tok and I am so happy I recorded it",0,1,0,0,1,0,1,2
"424"," ",0,0,0,0,0,0,0,0
"425","Jazz Bossa",0,0,0,0,0,0,0,0
"426","Bossa Nova",0,0,0,0,0,0,0,0
"427","",0,0,0,0,0,0,0,0
"428","Are u high",0,0,0,0,0,0,0,0
"429","Real",0,0,0,0,0,0,0,1
"430","onuraltun Nah hes completely fine",0,0,0,0,0,0,0,0
"431","onuraltunwe are high on laufey",0,0,0,0,0,0,0,0
"432","Taylor is trash Wake up babes",0,0,1,0,0,1,0,0
"433","Anyone is",0,0,0,0,0,0,0,0
"434","So real",0,0,0,0,0,0,0,1
"435","Taylor swift is actually a good singer",0,1,0,0,1,0,1,1
"436","Facts no cap",0,1,0,0,0,0,0,2
"437",NA,0,0,0,0,0,0,0,0
"438","In your dream",0,0,0,0,0,0,0,0
"439","In my opinion yea laufey is better than taylor",0,0,0,0,0,0,0,0
"440",NA,0,0,0,0,0,0,0,0
"441",NA,0,0,0,0,0,0,0,0
"442",NA,0,0,0,0,0,0,0,0
"443",NA,0,0,0,0,0,0,0,0
"444",NA,0,0,0,0,0,0,0,0
"445","real",0,0,0,0,0,0,0,1
"446","High school is one of the worst times to get a relationship everyone is young and stupid There will be plenty more chances  most statistically happen around age ",0,2,0,0,1,0,1,1
"447","when you performed this song with LA philharmonic an elderly lady a couple persons to your right was observably enchanted I can not stop thinking about her because I felt exactly the same Your music is absolutely amazing and I hope to see you continue your absolutely revolutionary perspective on the genre that you approach",0,2,0,0,3,1,1,3
"448","Seriously I hope this reaches you somehow You are a fucking amazing musician",0,1,0,0,1,0,1,1
"449","",0,0,0,0,0,0,0,0
"450","",0,0,0,0,0,0,0,0
"451","dookielmao",0,0,0,0,0,0,0,0
"452","Yeah",0,0,0,0,0,0,0,0
"453","it is BAWLING Balling is when you dribble a basketball i think  I can not get the image of a cat dribbling its eyeball to the beat of mm out of my mind",0,1,0,0,1,0,0,0
"454","Damn I did not know your eyes were cool like that",1,0,1,0,0,0,0,0
"455","Laufey hater insults are not even insults",0,0,0,0,0,0,0,0
"456","cent  ",0,0,0,0,0,0,0,0
"457","laufey is a mixture of jazz pop and bedroom pop",0,0,0,0,0,0,1,0
"458","jacobthereal thanks",0,0,0,0,0,0,0,0
"459","and bossa nova specifically in this song",0,0,0,0,0,0,0,0
"460","Woa sweet",0,1,0,0,1,0,1,1
"461","mrym Likeu",0,0,0,0,0,0,0,0
"462","W",0,0,0,0,0,0,0,0
"463","eana",0,0,0,0,0,0,0,0
"464","FeBreeze excuse me",0,0,0,0,0,0,0,0
"465","That feeling",1,1,1,1,1,1,1,1
"466","I am In love with your pfp bro",0,0,0,0,1,0,0,0
"467","browhatamisupposedtoputhere thank you so much",0,0,0,0,0,0,0,0
"468",NA,0,0,0,0,0,0,0,0
"469","same tho",0,0,0,0,0,0,0,0
"470","ong bro",0,0,0,0,0,0,0,0
"471","Early man ko sa in my opinion laughing out loud",0,0,0,0,1,0,0,0
"472","So real",0,0,0,0,0,0,0,1
"473","im only  years old but i know that you will find him dont look too hard he will come to you",0,0,0,0,0,0,0,0
"474","I can kinda relate I am  and I hope I can find someone I can do all that stuff with I am sure you will find your person someday ",0,1,0,0,1,0,1,1
"475","I am you but a  year old guy I have the exact same situation",0,0,0,0,0,0,0,0
"476","me but im we will find our someone one day",0,0,0,0,0,0,0,0
"477","it is a sign of the times it seems",0,0,0,0,0,0,0,0
"478",NA,0,0,0,0,0,0,0,0
"479","you will find someone",0,0,0,0,0,0,0,0
"480","I am a  year old man and I can relate",0,0,0,0,0,0,0,0
"481","oh my god same I am almost  and never dated either",0,1,0,1,1,0,0,1
"482","only  year old man but still never did any of that we will all find someone in life",0,0,0,0,0,0,0,0
"483","you are so real for that we solitary people with solitude or not gotta love ourselves fr that is all that we have and we gotta care for it",0,0,0,0,1,0,0,1
"484","I am only  I have zero relationship exprience but everybody at my age is dating someone and I am not But I would like to think that just as I imagine my ideal a boy or girl anything can happen imagines someone just like me do not give up even if you do not have a partner life is so pretty you are not alone",0,2,1,0,1,0,0,1
"485","I am  and I am sick of people telling me it will come one day to me in my opinion it doesnt help",0,0,1,0,0,1,0,0
"486","it is ok am also here My mom had me at  and it is kind of funny that at  she was taking care of her baby but am here just mourning because she is dead",0,0,0,0,2,1,0,1
"487","Why should it suck  your husband is coming  learn to be content  I understand we as woman love romance it is coming  stay busy enjoying life  falling in love and staying in love are different",0,3,0,1,4,2,1,3
"488","fauzianalwogaso sorry May you your memories of mom continue to comfort and strengthen you as you grieve",0,2,0,1,1,1,0,2
"489","So sorry Life is just such a mystery unfortunately and fortunately",0,1,0,0,0,0,1,0
"490","",0,0,0,0,0,0,0,0
"491","broyes",0,0,0,0,0,0,0,0
"492","I am so sorry that happened",0,0,0,0,0,0,0,0
"493","PenguinzArt yea things happen but thank you",0,1,0,0,0,0,0,0
"494","I hope your new year has everything good and wonderful in store for you",0,3,0,0,3,0,3,3
"495","kaylenejantjes thank you",0,0,0,0,0,0,0,0
"496","Well hello there Charlie shall we make a deal",0,1,0,0,1,0,1,1
"497","perfect example",0,1,0,0,1,0,0,1
"498","Frfr",0,0,0,0,0,0,0,0
"499","You just can not pull lil bro",0,0,0,0,0,0,0,0
"500","Samee",0,0,0,0,0,0,0,0
"501","RamunekunnLets see you try Lil man",0,0,0,0,0,0,0,0
"502","Yeah I know the feeling I never been in relationships and I will be  in a few months",1,1,1,1,1,1,1,1
"503","",0,0,0,0,0,0,0,0
"504","",0,0,0,0,0,0,0,0
"505","Virtual hugs",0,0,0,0,0,0,0,0
"506","As an aroace gal myself I understand you it is so difficult explaining my orientation to other people without them either finding it funny or telling me that I just havent found the right one",0,0,0,1,1,0,0,1
"507","Same except what makes me feel like im falling behind is not the lack of attraction but the repulsion part  Because these things that are so normal to discuss and come so naturally to everyone else repulse me And the older I getsigh yeah maybe I do want someone But not in a romantic way Just a company Maybe I will end up a crazy cat lady",1,1,1,2,1,3,0,1
"508","Truee",0,0,0,0,0,0,0,0
"509","do not take romance too seriously until you are actually dating someone it will hurt you mentally and you have a higher chance of getting mental health problems",1,1,0,2,1,2,2,1
"510","Thank u ",0,0,0,0,0,0,0,0
"511","berbudy yw ",0,0,0,0,0,0,0,0
"512","ME i kinda wish i could have somebody to spend the rest of my life with",0,0,0,0,0,0,0,0
"513","literally same",0,0,0,0,0,0,0,0
"514","TOTAL CARA a bossa nova excuse me uma das nossas mais notaveis caracteristicas Solem irmao",0,0,0,0,0,0,0,0
"515",NA,0,0,0,0,0,0,0,0
"516","",0,0,0,0,0,0,0,0
"517","Real",0,0,0,0,0,0,0,1
"518","True",0,0,0,0,0,0,0,0
"519","Jesusaveslives Reminds me of a cartoon I forgot what it is",0,0,0,0,0,0,0,0
"520","FR",0,0,0,0,0,0,0,0
"521","it gives me peace and love on the planet earth vibes",0,1,0,0,2,0,0,1
"522","IsaacAtYoutube exactly",0,0,0,0,0,0,0,0
"523","me too except the only crush ive had was when i was ",0,0,0,0,0,0,0,0
"524",NA,0,0,0,0,0,0,0,0
"525","prob aromantic or smth",0,0,0,0,0,0,0,0
"526","I like this song very much because it reminds me of my feelings before I realised I was aroace Aromantic Asexual",0,0,0,0,0,0,0,0
"527","jenniyeah probably",0,0,0,0,0,0,0,0
"528","jenni The only thing is I want to have someone to be together with but I also like can not I have no idea I do not mean to vent",1,0,0,0,0,0,0,0
"529","As an aroace person I feel you It felt so odd that I never had a crush on anybody And many I knew got into relationships It was when I got older it turned out i was aroace",0,0,0,0,0,1,0,0
"530","Might be ace",0,0,0,0,0,0,0,0
"531","well i have news for u",0,0,0,0,0,0,0,0
"532","you are not ace you are lonely and I feel you",1,0,1,1,0,1,0,0
"533","same except I have known I am aroace for a while",0,0,0,0,0,0,0,0
"534","I am on the ace spectrum somewhere demiromantic I think and I had my first crush a year ago but it is not on a person my age I just find her pretty and kind and funny All I can do is admire her from afar sad that my first crush is literally impossible to reach",0,1,0,0,2,1,0,3
"535","jenni hes mr or ms antiromantic",0,0,0,0,0,0,0,0
"536","oh my god same I know i can get attracted bc i easily simp for people i see on the internet and fiction ofc but the people around me Nada copyright",0,1,0,1,1,0,0,1
"537","simpingraccoon laughing my fucking ass off its the opposite for me",0,0,0,0,1,0,0,0
"538","Ijustlikemushroomsoki mean there is demiromantic as well maybe you just havent had a close enough bond with someone yet On the Aromatic front it could also point to having a desire for someones platonic company on a day to day basis",0,0,0,0,0,0,0,0
"539","When I was smaller I made fun of lgbtq but now I havent been attracted to anyone and I am getting worried",0,1,0,0,1,1,0,0
"540","shivexcuse meall do not worry man you will find someone",0,1,0,1,0,1,0,0
"541","same here bruh why is it so",0,0,0,0,0,0,0,0
"542","Not since I was like  and honestly it was mostly just to bond with my friends",0,0,0,0,0,0,0,0
"543","Truth",0,0,0,0,0,0,0,1
"544","Live laufey love",0,0,0,0,1,0,0,0
"545","bossa nova vibes are used in steven universe and its great",0,0,0,0,0,0,0,0
"546","I just love how you can feel comfortable just telling the comments how you feel I have been going thru the same thing sisterbrother",0,0,0,0,1,0,0,0
"547",NA,0,0,0,0,0,0,0,0
"548","staying delulu is the solulu",0,0,0,0,0,0,0,0
"549","Ngl it took me a couple minutes for this to click laughing my fucking ass off I get it now I mean jokingly yes in reality I feel learning to disconnect and live more present and learn how to be able to focus on what you have and try to bask in that rather than the pain and what we do not have or feel we lack is key In my experience at least I struggle with sever depression sometimes and have lost many friends due to not being able to preform up to ideals even when I am totally good most of the time and go above and beyond It sucks but the reality is like we are better off knowing it eventually than having wasted more time on them I would rather stay alone and be lonely even than to keep putting what little energy I have to spare sometimes into others who do not appreciate me or life outside of social media and stuff yn So sorry to get serious but I felt it was something I should have added on for anyone needing to hear you are worth fighting for in that people who really care about you and your well being will not want you having to be out of touch with yourself or reality just to get on they would want to see you get in touch with yourself and thriving EVEN if that means talking less oftenconsistently even if that means you delete socials they will want you to put your phone down for days and pick up books and make tea and bask in your own life and space you slowly make your own that is true and healthy friendship they want you to be the best you and will root for you every step of the way whether in spirit for a bit while apart or just a lil text saying so to check in Yn Healthy distance for that is important and others should understand and so many do not and I just felt I needed to vent about that I hope you all start to build a bomb ass relationship with yourself and the space you live in Just love on yourself you deserve it do not let anyone tell you otherwise or make you feel guilty or uncomfortable about it either loves",8,7,2,4,7,8,4,6
"550","I feel the same I feel like I am never gonna find that right person yknow",0,0,0,0,0,0,0,0
"551","yeah it is a universally felt very human worry i think try not to focus too much on it if you can and instead on what you have and what things you would like set up some goals etc as a way to direct your time to something constructive but i do not rec ignoring the feelings either just try to engage with them as a means to foster some healingpurging out of things when you are able and not if you do not feel able to handle the weight of them then you can try to redirect your energytimefocus to those things you aspire for from life i hope that helps some accepting things emotions included usually helps them pass in a way where you do not find you dwellwallow nearly as much in my experience when you set your life up like that i have this struggle a lot laughing out loud but i find a way to be content p oftenmudkip",1,5,1,3,5,3,2,3
"552","i recently realized im aroace and my life is complately altered",0,0,0,0,0,0,0,0
"553","I am also on the aroace spectrum I identify as graysexualrom personally I still want it but it varies is all Sometimes p much no desire for a short or long while and then other times often and high longing Lately I cycle through shorter bursts of ups n downs with it all I am growing more content with focusing on my studies and aspirations over these things though personally A lit if my heros through history or just people I have idealized in my studies took this path too funnily enough Choosing aspiration of academics or career over marriage etc Which back then was HUGE and marking you for life as a bit of an outcast sadly the echos of those ideals still sing out and cause some great grief and sorrow But hey at least we can still enjoy musicdance or some form of art to have catharsis release of this stuff Happy you found a label that makes you feel like you better understand yourself you are not alone buddy and have so much more to life to enjoy",0,10,1,2,9,7,2,9
"554","Nope",0,0,0,0,0,0,0,0
"555","Same This song makes me feel so seen",0,0,0,0,0,0,0,0
"556","fr I keep romanticizing the thought of falling inlove but no matter how much I force it I just can not",1,1,0,1,0,1,0,0
"557","",0,0,0,0,0,0,0,0
"558","same",0,0,0,0,0,0,0,0
"559",NA,0,0,0,0,0,0,0,0
"560",NA,0,0,0,0,0,0,0,0
"561","same and an only child laughing out loud",0,1,0,0,2,0,0,0
"562","ANOTHER GOOD OMENS FAN",0,1,0,0,1,0,1,1
"563","hehe",0,0,0,0,0,0,0,0
"564","people judge me for being a boy and loving laufeys music but its completely normal and its amazing music",0,0,1,0,2,1,0,1
"565","checkmbruhFr",0,0,0,0,0,0,0,0
"566","So true bestie",0,0,0,0,0,0,0,0
"567","Same I listen to her everyday when I am on the bus or in class Long live Laufey ",0,1,0,0,0,0,0,0
"568","Real",0,0,0,0,0,0,0,1
"569","You really need a pair of tungsten balls to stand against social stigma after all keep listening G",1,0,1,1,0,1,0,0
"570","crayolafanan imposter among us",0,0,0,0,0,0,0,0
"571","Its like listening to Olivia Rodrigo but less aggressively single",0,0,0,0,0,0,0,0
"572","as a girl who listens to Laufey i can confirm i am a real man",0,0,0,0,0,0,0,1
"573","realest of reals",0,0,0,0,0,0,0,0
"574","Hell no",1,0,1,1,0,1,0,0
"575","Real",0,0,0,0,0,0,0,1
"576","Real",0,0,0,0,0,0,0,1
"577","YES FINALLY",0,1,1,0,1,0,1,1
"578","real",0,0,0,0,0,0,0,1
"579","SICzhbl Good thing she is not talking about keying cars and nuking her ex boyfriend",0,1,0,0,1,0,1,1
"580","laughs in female",0,0,0,0,0,0,0,0
"581","Not even remotely close",0,0,0,0,0,0,0,0
"582",NA,0,0,0,0,0,0,0,0
"583","On god",0,1,0,1,1,0,0,1
"584","try bossa nova music in general",0,0,0,0,1,1,0,1
"585","Moved out to a new city June is dawning down on me And all that I can find is A sickly romance in the air Lovers stroll without a care inside Oh this can not be right Cause the suns engaged to the sky And best friends found a new guy I am only getting older I never had a shoulder to cry on Someone to call my Everybodys falling in love and I am falling behind Touched the ocean fell right in Stepped outside and burnt my skin My life will not go my way Bossa nova in my room Hope that I will find someone too to love because The suns engaged to the sky And best friends found a new guy I am only getting older I never had a shoulder to cry on Someone to call my Everybodys falling in love and I am falling behind Everybodys falling in love Everybodys falling in love Everybodys falling in love But me",0,3,2,1,5,6,2,5
"586","Its in sight not inside",0,0,0,0,0,0,0,0
"587","userkgoyxvh thank you",0,0,0,0,0,0,0,0
"588","Thank you very much for posting the lyricsGod bless you",0,1,0,0,1,0,0,1
"589","Ebee thank you for reading my comment among all other lyrics comments",0,0,0,0,0,0,0,0
"590","thanks man",0,0,0,0,0,0,0,0
"591","The lyrics are in the description",0,0,0,0,0,0,0,0
"592","parboiledmpoh I did not know that",0,0,0,0,0,0,0,0
"593","Thanks thought she was referring to the sun as a prisoner to the sky Nice song",1,2,1,1,1,1,1,1
"594","Thank you for duing this kind gesture",0,0,0,0,1,0,0,1
"595","can not we just turn on subtitles",0,0,0,0,0,0,0,0
"596","JaylynYoung yes",0,0,0,0,0,0,0,0
"597","JaylynYoungit does not catch everything correctly or at all",0,0,0,0,0,0,1,0
"598","A",0,0,0,0,0,0,0,0
"599","hi",0,0,0,0,0,0,0,0
"600","Not all heros wear capes ",0,0,0,0,0,0,0,1
"601","foxceles",0,0,0,0,0,0,0,0
"602","Lyrics  Falling Behind Moved out to a new city June is dawning down on me And all that I can find A sickly romance in the air Lovers stroll without a care in sight Ooh this can not be right because the suns engaged to the sky And my best friends found a new guy I am only getting older I have never had a shoulder to cry on Someone to call mine Everybodys falling in love and I am falling behind Touched the ocean fell right in Stepped outside and burned my skin My life will not go my way Bossa nova in my room Hope that I will find someone too to love Because The suns engaged to the sky And my best friends found a new guy I am only getting older I have never had a shoulder to cry on Someone to call mine Everybodys falling in love and I am falling behind Everybodys falling in love Everybodys falling in love oh Everybodys falling in love but me  Like the movies Maybe one day I will fall in a bookstore Into the arms of a guy we will sneak into bars and gaze at the stars Surrounded by fireflies Oh I would like to sleep in till two on a Sunday And listen to the bluebirds sigh Get soaked in the rain and smile through the pain Slow dance under stormy skies Maybe I am just old fashioned Read too many fairytales it is no wonder I have had no luck no ones ever good enough I want a love like I have seen in the movies that is why I will never fall in love Oh maybe I am just old fashioned Read too many fairytales it is no wonder I have had no luck no ones ever good enough I want a love like I have seen in the movies that is why I will never fall in love  Valentine I have rejected affection For years and years Now I have it and damn it it is kind of weird He tells me I am pretty do not know how to respond I tell him that he is pretty too Can I say that do not have a clue With every passing moment I surprise myself I am scared of flies I am scared of guys Someone please help because I think I have fallen In love this time I blinked and suddenly I had a valentine be my valentine What if he is the last one I kiss What if he is the only one I will ever miss Maybe I should run I am only twentyone I do not even know who I want to become I have lost all control of my heartbeat now Got caught in a romance with him somehow I still feel a shock through every bone When I hear an I love you because now I have got someone to lose The first one to ever like me back I am seconds away from a heart attack How the hell did I fall in love this time And honestly I can not believe I get to call you mine I blinked and suddenly I had a valentine Valentine  Let you break my heart again Feeling kind of sick tonight All I have had is coffee and leftover pie it is no wonder why Ooh still you take up all my mind I do not even think that you care like I do I should stop heaven knows I have tried One day I will stop falling in love with you Some day someone will like me like I like you Until then I will drink my coffee eat my pie Pretend that we are more than friends Then of course I will let you break my heart again I am just tryna understand What I am to you More than songs we have exchanged Midnight calls Sunset views Promise I do not mean to cry But I get overwhelmed and confused If only you knew What I felt like One day I will stop falling in love with you Some day someone will like me like I like you Until then I will drink my coffee eat my pie Pretend that we are more than friends Then of course I will let you break my heart again Some day one day I will stop falling in love with you Until I do I will be thinking of you Let you break my heart again  From the start do not you notice how I get quiet when there is no one else around Me and you and awkward silence do not you dare look at me that way I do not need reminders of how you do not feel the same Oh the burning pain Listening to you harp on bout some new soulmate She is so perfect  blah blah blah Oh how I wish you will wake up one day Run to me confess your love at least just let me say That when I talk to you oh Cupid walks right through And shoots an arrow through my heart And I sound like a loon but do not you feel it too Confess I loved you from the start what is a girl to do Lying on my bed staring into the blu mu Unrequited terrifying Lov mu is driving me a bit insane Have to get this off my chest I am telling you today That when I talk to you oh Cupid walks right through And shoots an arrow through my heart And I sound like a loon but do not you feel it too Confess I loved you from the start Confess I loved you Just thinking of you I know I have loved you from the start  Promise I made a promise To distance myself Took a flight through aurora skies Honestly I did not think about How we did not say goodbye Just see you very soon It hurts to be something it is worse to be nothing with you So I did not call you For sixteen long days And I should get a cigarette For so much restraint No matter how long I resist temptation I will always lose It hurts to be something it is worse to be nothing with you I have done the math there is no solution we will never last Why can not I let go of this So I broke my promise I called you last night I should not have I would not have If it were not for the sight of a boy Who looked just like you Standing out on Melrose Avenue It hurts to be something it is worse to be nothing with you It hurts to be something it is worse to be nothing with you  Lovesick Floorboards creaking in my home Deathly silence when alone Oh I wish that you were here right now So unlike me somehow I Fell in love in just three nights Those November days still haunting me When the gold rays fell on your skin And my hair got caught in the wind The choir sang a melancholic hymn In the morning you would be gone I would be mourning tryna hold on To the memory of your lips God I am so lovesick What have you done to me Let me in your atmosphere Inching closer but I fear That I will love so much you will slip away Getting twisted in my head Dreams are nightmares in my bed Since the last night that I spent with you When the gold rays fell on your skin And my hair got caught in the wind The choir sang a melancholic hymn In the morning you are not in my bed I will just sleep until I fall dead To the memory of your lips God I am so lovesick What have you done to me  I wish you love I wish you bluebirds in the spring To give your heart a song to sing And then a kiss but more than this I wish you love And in July a lemonade To cool you in some leafy glade I wish you health and more than wealth I wish you love My breaking heart and I agree That you and I could never be So with my best my very best I set you free I wish you shelter from the storm A cozy fire to keep you warm But most of all when snowflakes fall I wish you love I wish you love love Love love My breaking heart and I agree That you and I could never be So with my best my very best I set you free I wish you shelter from the storm A cozy fire to keep you warm But most of all when snowflakes fall But most of all when snowflakes fall I wish you love love love",12,19,10,17,22,22,14,23
"603"," Fragile Will you let me come closer to you I know that you are older but what can I do I leave in the morning I will forget that I am surely falling Grew up in a case of fragile glass But hammer away it is time to crash And as it shatters let me shatter into you The soft candle glow The music so slow Your skin on my skin The room is spinning Nerve on my bone I am shaking oh no I am talking though I should not be I have lost all sensibility I have never been so fragile it is been a year and  days Since you picked me up and swept me away I wanted to run with you into the midnight sun with you Now I sit around and rust in rain Turn into dust as I just wait For someone to hold me like you did that night I still remember The soft candle glow The music so slow Your skin on my skin The room kept spinning Round I am alone New town on my own I am missing you I should not be I have lost all sensibility I have never been so fragile Fragile  Best friend it is come to my attention That I do not show enough Of what I think it is only when I drink I open up But I promise that I love you Even with that hairdo I am sorry I made fun of it it is not your fault it looks like shit like shit I have never tolerated someone for so long I have never laughed so much I havent written a sad song there is no one else I would rather fall asleep with And dream with you are my best friend in the world When we are ninetyeight and ninetynine ninetynine Tumbling down the stairs you will barely catch me in time tumbling down we will argue about what to watch on TV Finally pick a movie then we will fall asleep asleep we will still be a little bit strange Some things never change it is funny because you drive me half insane A universe without you would be thoroughly mundane there is no one else I would rather fall in love with And that is my best friend in the world you are my best friend in the world  Magnolia Magnolia she could have anyone in the world Floats around town in a golden gown Born in a castle on a cloud Magnolia prettiest girl that I know Stars in her eyes handpicked from the skies Beautiful soul How can I compete with her Perfection is the only word I think of when I think of Magnolia She does not know that the world is turning just for her I wish I could be Magnolia Magnolia she can move oceans and rivers with ease A word from her lips her sirens kiss Will send you straight into abyss Magnolia I wish she would give her secrets away Enchants everyone and I think itd be fun To be like her someday But I cannot compete with her Perfection is the only word I think of when I think of Magnolia She does not know that the world is turning just for her I wish I could be Magnolia Magnolia  Street by street This view used to bring A smile to my face Lately it is done nothing but Remind me of the way The way that you used to Give me butterflies Took me twentyone days to Walk our former paradise Paradise Step by step brick by brick I am reclaiming what is mine This city is way too small To give away to just one guy Street by street breath by breath From the Back Bay to the sky I am taking back my city I am Taking back my life The cafe Where you asked me for my name The bookstore we spent Five hours hiding from the rain it is like a game of monopoly Except I steal back all my property And leave you on the ground And I know that I will see you one day on the street With a girl on your arm but I will not let that keep me from this town From this town from this town oh Step by step brick by brick I am reclaiming what is mine This city is way too small To give away to just one guy Street by street breath by breath From the Back Bay to the sky I am taking back my city I am taking back my life I am taking back my city  Beautiful stranger Beautiful stranger sitting right there Looked up at me and my dark curly hair Looked back for a second did not want to be rude I tend to fall in love on the tube Beautiful stranger sitting right there Reading the newspaper stuck to his chair I swore that he smiled and I felt my heart drop Heard the doors open came to my stop What if I hadnt left the train at Ladbroke Grove would I know his name Maybe we would have exchanged a few words A fairytale moment could have occurred But my beautiful stranger will have to remain A stranger until I see him again See him again Beautiful stranger catching my stare it is fate we collided right then back there I wonder if he felt the same thing too Innocent crush on the morning commute What if I would have stayed on the train Dared to stand up and ask for his name Maybe we would have exchanged a few words A fairytale moment could have occurred But my beautiful stranger will have to remain A stranger until I see him again See him again My beautiful stranger will have to remain A love that came and left with this train My beautiful stranger",6,11,2,13,12,15,9,11
"604","i salute to youphenixx",0,0,0,0,1,0,0,0
"605","same zmbnd",0,0,0,0,0,0,0,0
"606","foxcelesit is not gold all that glitters",0,0,0,0,0,0,0,0
"607","Best for my work",0,0,0,0,0,0,0,0
"608","",0,0,0,0,0,0,0,0
"609","I tried typing the lyrics but it would now work",0,0,0,0,0,0,0,0
"610","o registered trademark  registered trademark",0,0,0,0,0,0,0,0
"611","",0,0,0,0,0,0,0,0
"612","Magnolia am not know laufey milly rock",0,0,0,0,0,0,0,0
"613","Prodbh ",0,0,0,0,0,0,0,0
"614","pasteliikawaii Playboi carti song",0,0,0,0,0,0,0,0
"615","Prodbh ohh",0,0,0,0,0,0,0,0
"616","",0,0,0,0,0,0,0,0
"617","",0,0,0,0,0,0,0,0
"618","",0,0,0,0,0,0,0,0
"619","Like the movies Valentine Let you break my heart again From the start Promise Lovesick I wish you love Fragile Best friend Magnolia Street by street Beautiful stranger",0,1,0,2,4,1,1,2
"620","And can not study my favourite laufeys song is from the start",0,1,0,0,0,0,0,0
"621","really depends in your financial and other situation but if your all good then sure do it laughing out loud",0,1,0,0,2,0,1,1
"622","Its funny but i saw the thumbnail in my recommended and instantly thought How the hell did they get a picture of my Gingie the cat is literally identical to what he looked like in his old age right down to even the fur texture even the backdrop looks like grassy patch in the back paddock he would sometimes sleep in yet i never took a picture of him like that I miss that little ginger softy",1,1,1,1,0,1,0,0
"623","laughing out loud",0,0,0,0,1,0,0,0
"624","Feel bad for the best friend",1,0,1,1,1,1,0,1
"625","are you okay ml x",0,0,0,0,0,0,0,0
"626",NA,0,0,0,0,0,0,0,0
"627","Cgs",0,0,0,0,0,0,0,0
"628","it will pass",0,0,0,0,0,0,0,0
"629","Mother it is a matter of time do not fall in love with the person you want fall in love with the person you need",0,2,0,0,2,2,0,1
"630","Mymelody oh thanks We are now in a dating relationship ",0,0,0,0,0,0,0,0
"631","I so happy for you congratulations ",0,1,0,0,1,0,0,1
"632","hows the relationship going",0,0,0,0,0,0,0,0
"633","afancypersonxx very very well she is so pretty and comprensible its perfect to me",0,2,0,0,2,0,0,2
"634","genuinely how is it going",0,0,0,0,0,0,0,0
"635","afancypersonxx very very well she is so perfectly imperfectly D",0,0,0,0,0,0,0,0
"636","pixellknight so good she is the perfect person to me ",0,2,0,0,2,0,1,2
"637","useryoyjqnjim glad to hear that Make sure you always stay positive",0,1,0,0,1,0,0,0
"638","useryoyjqnj thats so sweet I am so happy for you Keep it up man Also your reminder to buy her some flowers today P",0,2,0,0,2,0,1,2
"639","afancypersonxx thats a great idea  i will try too give her some gifts like flowers letters draws or photos of the moon D",0,0,0,0,0,0,0,0
"640","KendallHArtU im glad to  i always stay positive with her ",0,1,0,0,1,0,0,0
"641","useryoyjqnj I am sure she will LOVE it I know I would B",0,0,0,0,1,0,0,0
"642",NA,0,0,0,0,0,0,0,0
"643","real",0,0,0,0,0,0,0,1
"644","Insert cash or select credit type",1,1,0,1,1,0,0,2
"645","This is so freaking wholesome",0,0,0,0,0,0,0,1
"646","Well whoever did get ready",0,1,0,0,0,0,0,0
"647","not sure but whoever did is in for something",0,0,0,0,0,0,0,0
"648","males",0,0,0,0,0,0,0,0
"649","HOW DID NO ONE LIKE THIS",0,0,0,0,0,0,0,0
"650","eating pringles right now while single",0,0,0,0,0,0,0,0
"651",NA,0,0,0,0,0,0,0,0
"652","install an adblocker",0,1,0,0,0,0,0,0
"653","ikr",0,0,0,0,0,0,0,0
"654","THATS SO CUTE",0,0,0,0,0,0,0,0
"655",NA,0,0,0,0,0,0,0,0
"656","",0,0,0,0,0,0,0,0
"657","She is a girl",0,0,0,0,0,0,0,0
"658","Insert cash or select credit type",1,1,0,1,1,0,0,2
"659","HELP FRR IM PRETTY SURE IT WAS AI THOUGHH",0,1,0,0,1,0,0,1
"660","I wishi could copy this list and put it on my wall",0,0,0,0,0,0,0,0
"661","Thanks so much for taking the time to make this",0,1,0,0,0,0,0,0
"662","Thank you",0,0,0,0,0,0,0,0
"663","Take me back here",0,0,0,0,0,0,0,0
"664","Y Para uno mismo ",0,0,0,0,0,0,0,0
"665","This made me so happy Thanks",0,1,0,0,1,0,0,1
"666","Ice cream D",0,1,0,0,1,0,1,0
"667","i love her to",0,0,0,0,1,0,0,0
"668","What",0,0,0,0,0,0,0,0
"669","Robin Do you own the copyright to this music or have permission from the copyright holder to post this music on YouTube If you do not reply I will assume the answer is no If you do not own the copyright or have permission from the copyright holder to post this music on YouTube then you are breaking the law If you do not believe me then go talk to a lawyer",1,0,1,1,1,1,0,1
"670","PeterSramka Bro it is just a playlist I do it because I like it I do not do it to make money I do not even know how to make money on YouTube I am a  year old teenager laughing out loud",1,1,0,0,2,0,1,1
"671","Even if you make no money you are still breaking the law",1,1,0,0,1,0,1,2
"672","PeterSramka that is not how copyright laws work They arent taking credit for the work so they are not violating anything If I quote someone am I plagiarizing them No I am giving them credit The internet is a deranged place bro",1,1,1,1,0,0,1,1
"673","thatswhaturmomsaid If you read this page from the US government you will find out that you are wrong",0,0,0,1,0,0,0,0
"674","Follow up game Am I crying because of the song school or both",0,0,0,0,0,1,0,1
"675","Is that your new PR",0,0,0,0,0,0,0,0
"676","You described it better than anyone else could",0,0,0,0,0,0,0,0
"677","listen to brazilian bossa nova the songs are great as Laufreys ones D",0,0,0,0,0,0,0,0
"678","Same I am doing work while listening to this right now laughing out loud",0,0,0,0,1,0,0,0
"679",NA,0,0,0,0,0,0,0,0
"680","jasminrobloxstories laughing out loud same but it got postponed till next week",0,0,0,0,1,0,0,0
"681","luckyyIntrovertedContent",0,0,0,0,0,0,0,0
"682","jasminrobloxstories Just had a test in a different subject today",0,0,0,0,0,0,0,0
"683","i have a test today and did i study no i didntIntrovertedContent",0,0,0,0,0,0,0,0
"684","jasminrobloxstories Dang how did you do",0,0,0,0,0,0,0,0
"685","what do you think ofc failed cz i didnt study that shit had writingIntrovertedContent",1,0,1,0,0,0,0,0
"686","jasminrobloxstories Oh I am sorry you will totally do better on your next one If it is worth anything the test that I had was today did not study either cause I did not know it was today  and it also had writing",0,0,0,0,0,0,0,0
"687","yess frfr",0,0,0,0,0,0,0,0
"688","its in here",0,0,0,0,0,0,0,0
"689","this made my worse",0,0,0,1,0,1,0,0
"690","agnemackeviciute I am sorry you feel that way but I hope you know god brought us here to love so I respect your opinions and love you because we are all spiritual brothers and sisters",0,3,0,1,4,0,1,3
"691",NA,0,0,0,0,0,0,0,0
"692","literally me in my office right now resisting the urge to belt out half these songs",2,0,0,2,0,1,0,0
"693","The good things is laufey introduced jazz for younger generation to listen jazz Nice is not it She remind me when I was young I listened diana krall bebel gilberto lisa ono ella fitzgerald and many more I do agree with you about not really jazz but for now this is the great start for younger generation it is jazz enough Let them grow she will growing great in any aspect for sure I have no doubt And I wish she will surprise you in the future  years as a musician and jazz fan is a something just wow Big respect",0,5,0,2,5,1,3,4
"694","goesbdg its a bossa nova type of music which is a kind of jazz too but the brazilian one",0,0,0,0,2,1,0,1
"695","hfrxyup Her music sounds like bossa nova",0,0,0,0,1,1,0,0
"696","so we are all musician experts now ",0,0,0,0,0,0,0,0
"697","This is the artist I will proudly say to my children and grandchildren was a contemporary",0,1,0,0,1,0,0,1
"698","I really like how respectful you are sirmaam unlike some people on the internet i see criticizing her",0,0,0,0,0,0,0,1
"699","Yeah I think her genre is traditional pop did not even know that was a genre before so i never knew what to call this kind of music",0,0,0,0,2,1,1,1
"700","sebastiaendang Yup The biggest identifiable aspect of bossa nova is the drumspercussion Theres a pattern called clave which is used almost across all bossa nova pieces there is also Latin percussion being used in a lot of her songs which points to it being more bossa nova ",0,0,0,0,0,0,0,0
"701","i totally agree",0,0,0,0,0,0,0,0
"702","Did you hear her say that she wants to bring a form of jazz to a younger more rock oriented audience This is the way to do it Like you I wish she would sing a bit more with jazz phrasing but I do not know if that is what she is trying to achieve Looking at here young audience tells me she is targeting them and hoping to open their eyes to something other than rock music She also has some folkie tunes",0,3,0,0,4,2,1,2
"703","too much text buddy",0,1,0,0,1,0,0,1
"704","I recommend you comment to laufeys actual videos",0,0,0,0,0,0,0,1
"705","I just realized I wish you love sounds like one of the songs from Aarons bookclub",0,0,0,0,1,0,0,0
"706","disney princesses vibes",0,0,0,0,0,0,0,0
"707","i love listing to her while i study feels so nice ",0,0,0,0,1,0,0,0
"708","I always recognize her voice laughing out loud",0,0,0,0,1,0,0,0
"709","fr she sounds like a  year old english boy from the s",0,0,1,0,0,0,0,0
"710","this ones no doubt my favorite one",0,0,0,1,1,1,0,2
"711","If you are not sure you want a romantic relationship that is ok it is better not to rush into it if you are not ready If you find that special someone someday you will know it is better to take your time with complex things like love do not get into a relationship just because your friends want you to or think you should do it for you because you want to",0,3,0,0,3,0,0,1
"712","I hope you do not mind my advice I am not trying to tell you what to do or boss you around I am just giving you a helpful tip someone gave me when I was in that situation",0,1,0,0,2,0,1,3
"713","How do you download it I really need it c",0,0,0,0,0,0,0,0
"714","unknownweeb you have to pay youtube premium",0,1,0,0,1,0,0,1
"715","i knew that but thats a good easter egg",0,1,0,0,1,0,1,1
"716","Aw thank you This was actually helpful cause I forgot my charger xD You should also remember to take care of yourself Have a good day",0,1,0,0,2,0,1,2
"717","thanks LoonyLunatic",0,0,0,0,0,0,0,0
"718","Thank you I do not have a pet I wish I had a cat but at least I got my buddy Blahaj",0,1,0,0,1,0,0,1
"719","Cheers",0,0,0,0,0,0,0,0
"720","No",0,0,0,0,0,0,0,0
"721","could not agree more",0,0,0,0,0,0,0,0
"722","Ok",0,0,0,0,0,0,0,0
"723","spots pfp",0,0,0,0,0,0,0,0
"724","not really jazz has been going down on popular music streaming services last  years or so and she managed to be main stream despite her genre I would say she is nicely rated",0,0,0,0,1,1,0,0
"725","She has over  million followers on Spotify laughing out loud",0,0,0,0,1,0,0,0
"726","vivithegrthat is a lot I will not lie however she is not underrated nor overrated she is well deserved in her exposure",1,0,1,0,0,1,0,0
"727","True",0,0,0,0,0,0,0,0
"728",NA,0,0,0,0,0,0,0,0
"729","SHE GOT A GRAMMY LETS GO",0,0,0,0,0,0,0,0
"730","I do not think she is unknown here in Seattle Tickets sold out for last  events hereone coming in April",0,2,0,1,0,0,0,0
"731","nah she needs to be gatekept j",0,0,0,0,0,0,0,0
"732","Good luck ig",0,2,0,0,2,0,2,1
"733","Good luck ",0,2,0,0,2,0,2,1
"734","This is a good idea ima do it with the girl I am talking to",0,1,0,0,1,0,1,1
"735","Good luck ",0,2,0,0,2,0,2,1
"736","LAUFEYS SECRETLY CUPID",0,0,0,0,0,0,0,0
"737","me to",0,0,0,0,0,0,0,0
"738","She is not white as far as I know ",0,1,0,0,1,0,0,1
"739","joyceannebrinosa she is icelandic and chinese",0,0,0,0,0,0,0,0
"740","Damn",1,0,1,0,0,0,0,0
"741","TYSMM",0,0,0,0,0,0,0,0
"742","",0,0,0,0,0,0,0,0
"743","One of my favorites is valentine I appreciate the lyrics",0,0,0,0,0,0,0,0
"744","vc excuse me um anjo",0,0,0,0,0,0,0,0
"745","Angels really do exist",0,0,0,0,0,0,0,0
"746","",0,0,0,0,0,0,0,0
"747","what the fuck ilysm for this",0,0,0,0,0,0,0,0
"748","Your efforts are much appreciated",0,0,0,0,0,0,0,0
"749","Good job",0,1,0,0,1,0,1,1
"750","",0,0,0,0,0,0,0,0
"751","ok savior thanks",0,0,0,0,0,0,0,0
"752","TYSM I NEEDED THIS",0,0,0,0,0,0,0,0
"753",NA,0,0,0,0,0,0,0,0
"754","Ersresre",0,0,0,0,0,0,0,0
"755","Have A Great Day  too Appreciate it",0,0,0,0,0,0,0,0
"756","thank you",0,0,0,0,0,0,0,0
"757","thankYOU",0,0,0,0,0,0,0,0
"758","this is why i never click read more",0,0,0,0,0,0,0,0
"759","Girl that is what I am trying to do right now",0,0,0,0,0,0,0,0
"760","same",0,0,0,0,0,0,0,0
"761"," likes",0,0,0,0,0,0,0,0
"762","Same",0,0,0,0,0,0,0,0
"763","RIGHT",0,0,0,0,0,0,0,0
"764",NA,0,0,0,0,0,0,0,0
"765","Study singing an dancing",0,0,0,0,0,0,0,0
"766","I think this playlist is good for both studying and dancing I love it",0,1,0,0,2,0,1,1
"767","Fr like I am here having whole daydreams",0,0,0,0,0,0,0,0
"768","Ikr",0,0,0,0,0,0,0,0
"769","you dont",0,0,0,0,0,0,0,0
"770","Search Golden Boy bike race",0,0,1,0,0,0,0,0
"771","Fr",0,0,0,0,0,0,0,0
"772","lit me right now",0,0,0,0,0,0,0,0
"773","userwuhvkkvokay smarty pants how would you know hm do you happen to live with them if not mind your own business",0,1,0,0,0,0,0,0
"774","Same",0,0,0,0,0,0,0,0
"775","Yes fr laughing out loud",0,0,0,0,1,0,0,0
"776","Im supposed to be working on an essay and a presentation of that essay right now",0,0,0,0,0,0,0,0
"777","crying",0,0,0,0,0,1,0,0
"778","Bruh same",0,0,0,0,0,0,0,0
"779","Not all heros wear capes ",0,0,0,0,0,0,0,1
"780","foxceles",0,0,0,0,0,0,0,0
"781","Lyrics  Falling Behind Moved out to a new city June is dawning down on me And all that I can find A sickly romance in the air Lovers stroll without a care in sight Ooh this can not be right because the suns engaged to the sky And my best friends found a new guy I am only getting older I have never had a shoulder to cry on Someone to call mine Everybodys falling in love and I am falling behind Touched the ocean fell right in Stepped outside and burned my skin My life will not go my way Bossa nova in my room Hope that I will find someone too to love Because The suns engaged to the sky And my best friends found a new guy I am only getting older I have never had a shoulder to cry on Someone to call mine Everybodys falling in love and I am falling behind Everybodys falling in love Everybodys falling in love oh Everybodys falling in love but me  Like the movies Maybe one day I will fall in a bookstore Into the arms of a guy we will sneak into bars and gaze at the stars Surrounded by fireflies Oh I would like to sleep in till two on a Sunday And listen to the bluebirds sigh Get soaked in the rain and smile through the pain Slow dance under stormy skies Maybe I am just old fashioned Read too many fairytales it is no wonder I have had no luck no ones ever good enough I want a love like I have seen in the movies that is why I will never fall in love Oh maybe I am just old fashioned Read too many fairytales it is no wonder I have had no luck no ones ever good enough I want a love like I have seen in the movies that is why I will never fall in love  Valentine I have rejected affection For years and years Now I have it and damn it it is kind of weird He tells me I am pretty do not know how to respond I tell him that he is pretty too Can I say that do not have a clue With every passing moment I surprise myself I am scared of flies I am scared of guys Someone please help because I think I have fallen In love this time I blinked and suddenly I had a valentine be my valentine What if he is the last one I kiss What if he is the only one I will ever miss Maybe I should run I am only twentyone I do not even know who I want to become I have lost all control of my heartbeat now Got caught in a romance with him somehow I still feel a shock through every bone When I hear an I love you because now I have got someone to lose The first one to ever like me back I am seconds away from a heart attack How the hell did I fall in love this time And honestly I can not believe I get to call you mine I blinked and suddenly I had a valentine Valentine  Let you break my heart again Feeling kind of sick tonight All I have had is coffee and leftover pie it is no wonder why Ooh still you take up all my mind I do not even think that you care like I do I should stop heaven knows I have tried One day I will stop falling in love with you Some day someone will like me like I like you Until then I will drink my coffee eat my pie Pretend that we are more than friends Then of course I will let you break my heart again I am just tryna understand What I am to you More than songs we have exchanged Midnight calls Sunset views Promise I do not mean to cry But I get overwhelmed and confused If only you knew What I felt like One day I will stop falling in love with you Some day someone will like me like I like you Until then I will drink my coffee eat my pie Pretend that we are more than friends Then of course I will let you break my heart again Some day one day I will stop falling in love with you Until I do I will be thinking of you Let you break my heart again  From the start do not you notice how I get quiet when there is no one else around Me and you and awkward silence do not you dare look at me that way I do not need reminders of how you do not feel the same Oh the burning pain Listening to you harp on bout some new soulmate She is so perfect  blah blah blah Oh how I wish you will wake up one day Run to me confess your love at least just let me say That when I talk to you oh Cupid walks right through And shoots an arrow through my heart And I sound like a loon but do not you feel it too Confess I loved you from the start what is a girl to do Lying on my bed staring into the blu mu Unrequited terrifying Lov mu is driving me a bit insane Have to get this off my chest I am telling you today That when I talk to you oh Cupid walks right through And shoots an arrow through my heart And I sound like a loon but do not you feel it too Confess I loved you from the start Confess I loved you Just thinking of you I know I have loved you from the start  Promise I made a promise To distance myself Took a flight through aurora skies Honestly I did not think about How we did not say goodbye Just see you very soon It hurts to be something it is worse to be nothing with you So I did not call you For sixteen long days And I should get a cigarette For so much restraint No matter how long I resist temptation I will always lose It hurts to be something it is worse to be nothing with you I have done the math there is no solution we will never last Why can not I let go of this So I broke my promise I called you last night I should not have I would not have If it were not for the sight of a boy Who looked just like you Standing out on Melrose Avenue It hurts to be something it is worse to be nothing with you It hurts to be something it is worse to be nothing with you  Lovesick Floorboards creaking in my home Deathly silence when alone Oh I wish that you were here right now So unlike me somehow I Fell in love in just three nights Those November days still haunting me When the gold rays fell on your skin And my hair got caught in the wind The choir sang a melancholic hymn In the morning you would be gone I would be mourning tryna hold on To the memory of your lips God I am so lovesick What have you done to me Let me in your atmosphere Inching closer but I fear That I will love so much you will slip away Getting twisted in my head Dreams are nightmares in my bed Since the last night that I spent with you When the gold rays fell on your skin And my hair got caught in the wind The choir sang a melancholic hymn In the morning you are not in my bed I will just sleep until I fall dead To the memory of your lips God I am so lovesick What have you done to me  I wish you love I wish you bluebirds in the spring To give your heart a song to sing And then a kiss but more than this I wish you love And in July a lemonade To cool you in some leafy glade I wish you health and more than wealth I wish you love My breaking heart and I agree That you and I could never be So with my best my very best I set you free I wish you shelter from the storm A cozy fire to keep you warm But most of all when snowflakes fall I wish you love I wish you love love Love love My breaking heart and I agree That you and I could never be So with my best my very best I set you free I wish you shelter from the storm A cozy fire to keep you warm But most of all when snowflakes fall But most of all when snowflakes fall I wish you love love love",12,19,10,17,22,22,14,23
"782"," Fragile Will you let me come closer to you I know that you are older but what can I do I leave in the morning I will forget that I am surely falling Grew up in a case of fragile glass But hammer away it is time to crash And as it shatters let me shatter into you The soft candle glow The music so slow Your skin on my skin The room is spinning Nerve on my bone I am shaking oh no I am talking though I should not be I have lost all sensibility I have never been so fragile it is been a year and  days Since you picked me up and swept me away I wanted to run with you into the midnight sun with you Now I sit around and rust in rain Turn into dust as I just wait For someone to hold me like you did that night I still remember The soft candle glow The music so slow Your skin on my skin The room kept spinning Round I am alone New town on my own I am missing you I should not be I have lost all sensibility I have never been so fragile Fragile  Best friend it is come to my attention That I do not show enough Of what I think it is only when I drink I open up But I promise that I love you Even with that hairdo I am sorry I made fun of it it is not your fault it looks like shit like shit I have never tolerated someone for so long I have never laughed so much I havent written a sad song there is no one else I would rather fall asleep with And dream with you are my best friend in the world When we are ninetyeight and ninetynine ninetynine Tumbling down the stairs you will barely catch me in time tumbling down we will argue about what to watch on TV Finally pick a movie then we will fall asleep asleep we will still be a little bit strange Some things never change it is funny because you drive me half insane A universe without you would be thoroughly mundane there is no one else I would rather fall in love with And that is my best friend in the world you are my best friend in the world  Magnolia Magnolia she could have anyone in the world Floats around town in a golden gown Born in a castle on a cloud Magnolia prettiest girl that I know Stars in her eyes handpicked from the skies Beautiful soul How can I compete with her Perfection is the only word I think of when I think of Magnolia She does not know that the world is turning just for her I wish I could be Magnolia Magnolia she can move oceans and rivers with ease A word from her lips her sirens kiss Will send you straight into abyss Magnolia I wish she would give her secrets away Enchants everyone and I think itd be fun To be like her someday But I cannot compete with her Perfection is the only word I think of when I think of Magnolia She does not know that the world is turning just for her I wish I could be Magnolia Magnolia  Street by street This view used to bring A smile to my face Lately it is done nothing but Remind me of the way The way that you used to Give me butterflies Took me twentyone days to Walk our former paradise Paradise Step by step brick by brick I am reclaiming what is mine This city is way too small To give away to just one guy Street by street breath by breath From the Back Bay to the sky I am taking back my city I am Taking back my life The cafe Where you asked me for my name The bookstore we spent Five hours hiding from the rain it is like a game of monopoly Except I steal back all my property And leave you on the ground And I know that I will see you one day on the street With a girl on your arm but I will not let that keep me from this town From this town from this town oh Step by step brick by brick I am reclaiming what is mine This city is way too small To give away to just one guy Street by street breath by breath From the Back Bay to the sky I am taking back my city I am taking back my life I am taking back my city  Beautiful stranger Beautiful stranger sitting right there Looked up at me and my dark curly hair Looked back for a second did not want to be rude I tend to fall in love on the tube Beautiful stranger sitting right there Reading the newspaper stuck to his chair I swore that he smiled and I felt my heart drop Heard the doors open came to my stop What if I hadnt left the train at Ladbroke Grove would I know his name Maybe we would have exchanged a few words A fairytale moment could have occurred But my beautiful stranger will have to remain A stranger until I see him again See him again Beautiful stranger catching my stare it is fate we collided right then back there I wonder if he felt the same thing too Innocent crush on the morning commute What if I would have stayed on the train Dared to stand up and ask for his name Maybe we would have exchanged a few words A fairytale moment could have occurred But my beautiful stranger will have to remain A stranger until I see him again See him again My beautiful stranger will have to remain A love that came and left with this train My beautiful stranger",6,11,2,13,12,15,9,11
"783","i salute to youphenixx",0,0,0,0,1,0,0,0
"784","same zmbnd",0,0,0,0,0,0,0,0
"785","foxcelesit is not gold all that glitters",0,0,0,0,0,0,0,0
"786","Best for my work",0,0,0,0,0,0,0,0
"787","",0,0,0,0,0,0,0,0
"788","I tried typing the lyrics but it would now work",0,0,0,0,0,0,0,0
"789","o registered trademark  registered trademark",0,0,0,0,0,0,0,0
"790","",0,0,0,0,0,0,0,0
"791","Magnolia am not know laufey milly rock",0,0,0,0,0,0,0,0
"792","Prodbh ",0,0,0,0,0,0,0,0
"793","pasteliikawaii Playboi carti song",0,0,0,0,0,0,0,0
"794","Prodbh ohh",0,0,0,0,0,0,0,0
"795","",0,0,0,0,0,0,0,0
"796","",0,0,0,0,0,0,0,0
"797","",0,0,0,0,0,0,0,0
"798","Like the movies Valentine Let you break my heart again From the start Promise Lovesick I wish you love Fragile Best friend Magnolia Street by street Beautiful stranger",0,1,0,2,4,1,1,2
"799","Girlie has rent to pay",0,1,0,0,1,0,0,1
"800","If you sang like this I would not shut you up ever",0,0,0,0,0,0,0,0
"801","She sang it and she is laufey",0,0,0,0,0,0,0,0
"802","Or Jo Stanford",0,0,0,0,0,0,0,0
"803","No",0,0,0,0,0,0,0,0
"804","No her twin sister is not in this line up",0,0,0,0,0,0,0,0
"805"," real",0,0,0,0,0,0,0,1
"806","oleg laughing out loud I stumbled across Laufey because my wife is of Icelandic heritage  MagnussonBernhoft What a talent Laufey is Simply blown away",0,0,0,0,1,0,0,1
"807","No one can resist the power of Laufey Welcome to the team",0,0,0,0,0,0,0,1
"808","bruh I am cried to that song too few months ago and I am a metalhead too",0,0,0,0,0,0,0,0
"809","blameitonlaufey",0,0,0,0,0,0,0,0
"810","This is peak comedy I love bossa nova and Laufey is really inspired by it as is apparent But I do not see why she would need to talk about it She even does mention it in some music so you are just plain wrong",0,0,0,0,3,1,1,1
"811","Agree Miss her playing with laufey so much they are a great duo",0,0,0,0,0,0,0,0
"812","She has a better voice than Doris",0,0,0,0,0,0,0,0
"813","laughing out loud calling artists who crafted the music impeccably soulless is quite audacious I would have this every day over some creative stuff that is just downright unbearable",0,0,2,1,2,3,0,1
"814","she mentioned she used to listen to Ella Fitzgerald as a kid growing up",0,0,0,0,0,0,0,0
"815","Agreed my gran would love her too I do not tear easily but she makes me it is that great what she is writing and how she sings",0,0,0,0,1,0,0,1
"816","She is a Judy garland incarnate  it is amazing",0,0,0,0,0,0,0,0
"817","Well said  year old Englishman here feeling the same feels",1,1,1,1,1,1,1,1
"818","I am a  year old male who just heard this vocalist for the first timeand found myself sobbing like others here As a musician my emotions are stirred by music But I was not expecting this reaction I am amazed by the multitudes of super talented individuals like her who can touch our hearts as well as our souls",0,1,0,0,2,1,0,1
"819","that is a twin sister I always wonder if she sings and writes also",0,0,0,0,0,0,0,0
"820","I am the twin sister I am just as good but I am the Quiet One",0,1,0,0,1,1,1,1
"821","tubamirum I can definitely tell that you enjoy playing watching you reminds me of myself when I sing I totally get into the zone it is a joy to watch people have passion in life for what they do",0,4,0,1,4,1,0,3
"822","MrSteviethegreat Check the name is not her sister",0,0,0,0,0,0,0,0
"823","it is layvay",0,0,0,0,0,0,0,0
"824","I love when you write I love you a  times",0,0,0,0,1,0,0,0
"825","Absolutely a definite throwback ",0,0,0,0,0,0,0,0
"826","I am your age and I hope you realise there are so many singer songwriters today who write and perform incredible music it is really a sign of thinking old to look back at days past as better than what is happening since you were ",0,1,0,0,2,1,1,1
"827","I am glad you guys found laufey",0,1,0,0,2,0,0,1
"828","Access is better now than ever before",0,0,0,0,0,0,0,0
"829","mas okay naman to mas intimate nakanood ako ung first con nya halos barricade u dito sa ph last year mas okay promise pero pag may kasama syang full orchestra sya nag aadjust sa orchestra eh kung pano ung original not applicable kanta ganun rin kakantahin mismo sa live so parang walang bago kaya antay tayo next balik nya dito sa pinas ung wala not applicable sana kasama orchestra",2,1,0,1,3,1,0,3
"830","tsaka mga filipino ugali not applicable sabayan artist habang kumakanta sa concert sana wag naman nila gawin sa concert nya this year kasi ma rruin ung mood and mawalan sense ung orchestra",1,0,0,0,1,1,0,1
"831","Def jazz n bossa nova",0,0,0,0,0,0,0,0
"832","Not all her songs are Jazz",0,0,0,0,0,0,0,0
"833","the one above the piano",0,0,0,0,0,0,0,0
"834","i think so yeah hahahaha",0,0,0,0,0,0,0,0
"835","ok who cares",0,0,0,0,0,0,0,0
"836","You really had to huh",0,0,0,0,0,0,0,0
"837","It looks like an es Maybe an es",0,0,0,0,0,0,0,0
"838","Thank you",0,0,0,0,0,0,0,0
"839","Gibson es ",0,0,0,0,0,0,0,0
"840","She also plays chello perfectly and her twin sister plays violin",0,0,0,0,0,0,0,0
"841","To my eye it is an es",0,0,0,0,0,0,0,0
"842","Jesus Christ stop it",0,0,0,0,0,0,0,0
"843","You do not know what audacity means",0,0,0,0,0,0,0,0
"844","",0,0,0,0,0,0,0,0
"845","One month later  million views",0,0,0,0,0,0,0,0
"846","Her laugh is to die for",0,0,0,1,1,1,1,0
"847","but first song could be literally just a bossa standard mainly bc bossa nova is just poppy and elitist samba",0,0,0,0,0,0,0,0
"848","Hii which radio station did you discover her on Looking for a good radio to listen to ",0,1,0,0,1,0,1,1
"849","She most definitely was jacked up on the snow frshr",0,0,0,0,0,0,0,0
"850","I would call it Chamber Pop or Lounge",0,0,0,0,0,0,1,0
"851","My first thought too must be an old soul",0,1,0,0,0,0,0,0
"852","A charming musical Revelation",1,1,0,0,1,1,1,1
"853","I prefer Samara Joy and Esperanza Spalding for pure vocal jazz Laufeys more of a lounge  chamber Pop singer But she is very talented",0,0,0,0,1,0,1,1
"854","DefenestrateYourself Well I got a few of Esperanza Spalding for me an interesting songwriter with a gorgeous voice but I did not know yet Samara Joy Thanks a lot for this fantastic ladyshe got an old soul with a great voiceO Holy Night what a perfect interpretationLaufey is interesting coming from classical training of Cello and ending with selfwritten songs sounding like the musicians from the thvery special",0,2,0,0,4,0,0,1
"855","I think there are a lot of first class jazz vocalists you do not know The more pop in it the better known they are",0,0,0,0,0,0,1,0
"856","its not jazz",0,0,0,0,0,0,0,0
"857","fastnakusYour mom am not jazz",0,0,0,0,0,0,0,0
"858","it is not jazz More like traditional pop",0,0,0,0,0,0,1,0
"859","earlisonline call it what you likewho cares She is talented",0,0,0,0,0,0,0,0
"860","Arthurkh well we can not deny that she has the talent",1,0,0,0,0,0,0,0
