"","word","freq"
"love","love",122
"falling","falling",35
"day","day",34
"good","good",34
"feel","feel",32
"jazz","jazz",29
"heart","heart",28
"back","back",27
"fall","fall",27
"song","song",26
"music","music",25
"magnolia","magnolia",24
"life","life",23
"laufey","laufey",22
"stranger","stranger",22
"beautiful","beautiful",21
"find","find",21
"laughing","laughing",21
"real","real",21
"start","start",21
"bossa","bossa",20
"time","time",20
"bro","bro",18
"hope","hope",18
"nova","nova",18
"street","street",18
"loud","loud",17
"skin","skin",17
"confess","confess",16
"songs","songs",16
"things","things",16
"world","world",16
"everybodys","everybodys",15
"friend","friend",15
"loved","loved",15
"call","call",14
"days","days",14
"girl","girl",14
"give","give",14
"taking","taking",14
"valentine","valentine",14
"year","year",14
"city","city",13
"fragile","fragile",13
"friends","friends",13
"guy","guy",13
"make","make",13
"people","people",13
"promise","promise",13
"stop","stop",13
"care","care",12
"felt","felt",12
"made","made",12
"man","man",12
"break","break",11
"crush","crush",11
"found","found",11
"god","god",11
"great","great",11
"luck","luck",11
"person","person",11
"pretty","pretty",11
"sky","sky",11
"boy","boy",10
"cry","cry",10
"happy","happy",10
"hurts","hurts",10
"kind","kind",10
"listen","listen",10
"listening","listening",10
"mine","mine",10
"older","older",10
"town","town",10
"yeah","yeah",10
"fell","fell",9
"step","step",9
"talk","talk",9
"today","today",9
"work","work",9
"worse","worse",9
"agree","agree",8
"bit","bit",8
"breath","breath",8
"brick","brick",8
"dont","dont",8
"feeling","feeling",8
"long","long",8
"lovesick","lovesick",8
"lyrics","lyrics",8
"morning","morning",8
"movies","movies",8
"pop","pop",8
"sticking","sticking",8
"tongue","tongue",8
"years","years",8
"aroace","aroace",7
"bed","bed",7
"copyright","copyright",7
"cupid","cupid",7
"damn","damn",7
"hard","hard",7
"hell","hell",7
"honestly","honestly",7
"live","live",7
"looked","looked",7
"lost","lost",7
"night","night",7
"perfect","perfect",7
"read","read",7
"registered","registered",7
"relationship","relationship",7
"risk","risk",7
"romance","romance",7
"room","room",7
"run","run",7
"scared","scared",7
"school","school",7
"set","set",7
"shit","shit",7
"sound","sound",7
"study","study",7
"telling","telling",7
"thing","thing",7
"thinking","thinking",7
"trademark","trademark",7
"true","true",7
"update","update",7
"arrow","arrow",6
"asleep","asleep",6
"blah","blah",6
"breaking","breaking",6
"caught","caught",6
"coffee","coffee",6
"drink","drink",6
"engaged","engaged",6
"exchanged","exchanged",6
"funny","funny",6
"gold","gold",6
"hair","hair",6
"havent","havent",6
"hear","hear",6
"kiss","kiss",6
"lips","lips",6
"literally","literally",6
"loon","loon",6
"lot","lot",6
"means","means",6
"moment","moment",6
"pain","pain",6
"pie","pie",6
"rain","rain",6
"rejected","rejected",6
"remain","remain",6
"sang","sang",6
"shoots","shoots",6
"shoulder","shoulder",6
"sing","sing",6
"skies","skies",6
"slow","slow",6
"snowflakes","snowflakes",6
"suns","suns",6
"thought","thought",6
"train","train",6
"understand","understand",6
"walks","walks",6
"word","word",6
"age","age",5
"amazing","amazing",5
"cat","cat",5
"comment","comment",5
"cute","cute",5
"finally","finally",5
"forgot","forgot",5
"fucking","fucking",5
"fun","fun",5
"genre","genre",5
"half","half",5
"happen","happen",5
"knew","knew",5
"laufeys","laufeys",5
"leave","leave",5
"lose","lose",5
"makes","makes",5
"mind","mind",5
"open","open",5
"pretend","pretend",5
"quiet","quiet",5
"sad","sad",5
"sight","sight",5
"silence","silence",5
"sister","sister",5
"sleep","sleep",5
"stay","stay",5
"talking","talking",5
"ung","ung",5
"words","words",5
"worry","worry",5
"absolutely","absolutely",4
"ago","ago",4
"asked","asked",4
"awkward","awkward",4
"bay","bay",4
"blinked","blinked",4
"bluebirds","bluebirds",4
"bone","bone",4
"bookstore","bookstore",4
"bruh","bruh",4
"buddy","buddy",4
"candle","candle",4
"chest","chest",4
"choir","choir",4
"close","close",4
"closer","closer",4
"coming","coming",4
"compete","compete",4
"cozy","cozy",4
"credit","credit",4
"eat","eat",4
"excuse","excuse",4
"eyes","eyes",4
"fairytale","fairytale",4
"fairytales","fairytales",4
"fashioned","fashioned",4
"feelings","feelings",4
"fire","fire",4
"free","free",4
"glow","glow",4
"guys","guys",4
"heard","heard",4
"high","high",4
"hold","hold",4
"hurt","hurt",4
"hymn","hymn",4
"icelandic","icelandic",4
"idea","idea",4
"insane","insane",4
"internet","internet",4
"jasminrobloxstories","jasminrobloxstories",4
"left","left",4
"likes","likes",4
"lil","lil",4
"loves","loves",4
"matter","matter",4
"melancholic","melancholic",4
"memory","memory",4
"midnight","midnight",4
"mismo","mismo",4
"miss","miss",4
"musician","musician",4
"nice","nice",4
"ninetynine","ninetynine",4
"occurred","occurred",4
"ooh","ooh",4
"orchestra","orchestra",4
"paradise","paradise",4
"perfection","perfection",4
"prodbh","prodbh",4
"rays","rays",4
"reading","reading",4
"reclaiming","reclaiming",4
"remember","remember",4
"reminds","reminds",4
"respond","respond",4
"rock","rock",4
"sensibility","sensibility",4
"shelter","shelter",4
"singer","singer",4
"sitting","sitting",4
"situation","situation",4
"small","small",4
"smile","smile",4
"soft","soft",4
"someday","someday",4
"soul","soul",4
"soulmate","soulmate",4
"spent","spent",4
"spinning","spinning",4
"stars","stars",4
"storm","storm",4
"stuff","stuff",4
"suddenly","suddenly",4
"sweet","sweet",4
"tells","tells",4
"terrifying","terrifying",4
"tho","tho",4
"till","till",4
"times","times",4
"totally","totally",4
"tryna","tryna",4
"tumbling","tumbling",4
"turning","turning",4
"twentyone","twentyone",4
"twin","twin",4
"unrequited","unrequited",4
"vibes","vibes",4
"wake","wake",4
"wanted","wanted",4
"warm","warm",4
"weird","weird",4
"wind","wind",4
"yea","yea",4
"young","young",4
"youtube","youtube",4
"ace","ace",3
"afancypersonxx","afancypersonxx",3
"air","air",3
"alliei","alliei",3
"anymore","anymore",3
"applicable","applicable",3
"ass","ass",3
"bad","bad",3
"bout","bout",3
"bring","bring",3
"broke","broke",3
"brother","brother",3
"burning","burning",3
"called","called",3
"case","case",3
"catch","catch",3
"cent","cent",3
"change","change",3
"check","check",3
"chinese","chinese",3
"class","class",3
"concert","concert",3
"confessed","confessed",3
"confused","confused",3
"content","content",3
"cool","cool",3
"dare","dare",3
"dating","dating",3
"dawning","dawning",3
"dead","dead",3
"distance","distance",3
"doesnt","doesnt",3
"dream","dream",3
"driving","driving",3
"enjoy","enjoy",3
"fan","fan",3
"frfr","frfr",3
"game","game",3
"glad","glad",3
"golden","golden",3
"gonna","gonna",3
"gotta","gotta",3
"growing","growing",3
"harp","harp",3
"haunting","haunting",3
"head","head",3
"health","health",3
"heros","heros",3
"ikr","ikr",3
"joy","joy",3
"june","june",3
"kinda","kinda",3
"laugh","laugh",3
"lit","lit",3
"lovers","lovers",3
"lying","lying",3
"mas","mas",3
"mitski","mitski",3
"mom","mom",3
"money","money",3
"months","months",3
"mourning","mourning",3
"move","move",3
"moved","moved",3
"nah","nah",3
"nya","nya",3
"ocean","ocean",3
"ohh","ohh",3
"opinion","opinion",3
"pfp","pfp",3
"pick","pick",3
"picture","picture",3
"point","point",3
"positive","positive",3
"put","put",3
"reality","reality",3
"relationships","relationships",3
"remind","remind",3
"reminders","reminders",3
"reply","reply",3
"resist","resist",3
"samee","samee",3
"sick","sick",3
"sickly","sickly",3
"sounds","sounds",3
"special","special",3
"stand","stand",3
"staring","staring",3
"stepped","stepped",3
"stroll","stroll",3
"sun","sun",3
"sunday","sunday",3
"surprise","surprise",3
"talented","talented",3
"taylor","taylor",3
"test","test",3
"told","told",3
"touch","touch",3
"touched","touched",3
"turn","turn",3
"turned","turned",3
"type","type",3
"universe","universe",3
"unlike","unlike",3
"views","views",3
"voice","voice",3
"wait","wait",3
"watch","watch",3
"worth","worth",3
"written","written",3
"younger","younger",3
"abyss","abyss",2
"affection","affection",2
"alright","alright",2
"amas","amas",2
"argue","argue",2
"arm","arm",2
"arms","arms",2
"aromantic","aromantic",2
"artist","artist",2
"aspect","aspect",2
"atmosphere","atmosphere",2
"attack","attack",2
"attention","attention",2
"attracted","attracted",2
"attraction","attraction",2
"audience","audience",2
"aurora","aurora",2
"avenue","avenue",2
"average","average",2
"aww","aww",2
"baby","baby",2
"barely","barely",2
"bars","bars",2
"bask","bask",2
"beat","beat",2
"bie","bie",2
"bless","bless",2
"blu","blu",2
"bond","bond",2
"born","born",2
"boss","boss",2
"boubouduconsbcb","boubouduconsbcb",2
"boyfriend","boyfriend",2
"brazilian","brazilian",2
"buh","buh",2
"burned","burned",2
"butterflies","butterflies",2
"cafe","cafe",2
"calls","calls",2
"cap","cap",2
"capes","capes",2
"cares","cares",2
"carti","carti",2
"cash","cash",2
"castle","castle",2
"catching","catching",2
"chair","chair",2
"chamber","chamber",2
"chance","chance",2
"chet","chet",2
"choosing","choosing",2
"cigarette","cigarette",2
"click","click",2
"cloud","cloud",2
"clue","clue",2
"collided","collided",2
"comments","comments",2
"commute","commute",2
"company","company",2
"completely","completely",2
"con","con",2
"continue","continue",2
"control","control",2
"couple","couple",2
"crash","crash",2
"creaking","creaking",2
"cried","cried",2
"crying","crying",2
"curly","curly",2
"dance","dance",2
"dancing","dancing",2
"dared","dared",2
"dark","dark",2
"dated","dated",2
"deathly","deathly",2
"del","del",2
"demiromantic","demiromantic",2
"depression","depression",2
"desire","desire",2
"dito","dito",2
"doors","doors",2
"doubt","doubt",2
"dreams","dreams",2
"drive","drive",2
"drop","drop",2
"dude","dude",2
"dust","dust",2
"ease","ease",2
"easily","easily",2
"ella","ella",2
"emotions","emotions",2
"enchants","enchants",2
"end","end",2
"erience","erience",2
"esperanza","esperanza",2
"essay","essay",2
"eventually","eventually",2
"everyday","everyday",2
"face","face",2
"facts","facts",2
"fallen","fallen",2
"fate","fate",2
"fault","fault",2
"fear","fear",2
"feels","feels",2
"fine","fine",2
"fireflies","fireflies",2
"fitzgerald","fitzgerald",2
"flies","flies",2
"flight","flight",2
"floats","floats",2
"floorboards","floorboards",2
"flowers","flowers",2
"focus","focus",2
"force","force",2
"forget","forget",2
"form","form",2
"foxceles","foxceles",2
"foxcelesit","foxcelesit",2
"friendship","friendship",2
"fuck","fuck",2
"full","full",2
"gaze","gaze",2
"generation","generation",2
"giving","giving",2
"glade","glade",2
"glass","glass",2
"glitters","glitters",2
"goodbye","goodbye",2
"gown","gown",2
"grew","grew",2
"ground","ground",2
"grove","grove",2
"hadnt","hadnt",2
"haha","haha",2
"hairdo","hairdo",2
"hammer","hammer",2
"hand","hand",2
"handpicked","handpicked",2
"happened","happened",2
"hazlo","hazlo",2
"healthy","healthy",2
"heartbeat","heartbeat",2
"heaven","heaven",2
"hehe","hehe",2
"helpful","helpful",2
"helps","helps",2
"hes","hes",2
"hiding","hiding",2
"hii","hii",2
"holder","holder",2
"home","home",2
"hoping","hoping",2
"hours","hours",2
"ideals","ideals",2
"ignore","ignore",2
"ill","ill",2
"ima","ima",2
"imnotsei","imnotsei",2
"impossible","impossible",2
"inching","inching",2
"innocent","innocent",2
"insert","insert",2
"inside","inside",2
"insults","insults",2
"interesting","interesting",2
"itd","itd",2
"ive","ive",2
"jenni","jenni",2
"joke","joke",2
"judge","judge",2
"july","july",2
"kasama","kasama",2
"kid","kid",2
"lack","lack",2
"ladbroke","ladbroke",2
"lady","lady",2
"laughed","laughed",2
"law","law",2
"leafy","leafy",2
"learn","learn",2
"leftover","leftover",2
"lemonade","lemonade",2
"line","line",2
"listened","listened",2
"listens","listens",2
"lonely","lonely",2
"losing","losing",2
"lounge","lounge",2
"lov","lov",2
"loving","loving",2
"marriage","marriage",2
"math","math",2
"melrose","melrose",2
"men","men",2
"metalhead","metalhead",2
"million","million",2
"milly","milly",2
"missing","missing",2
"monopoly","monopoly",2
"month","month",2
"mood","mood",2
"moon","moon",2
"mother","mother",2
"movie","movie",2
"mundane","mundane",2
"naman","naman",2
"needed","needed",2
"nerve","nerve",2
"newspaper","newspaper",2
"nightmares","nightmares",2
"nights","nights",2
"ninetyeight","ninetyeight",2
"nope","nope",2
"normal","normal",2
"notice","notice",2
"november","november",2
"oceans","oceans",2
"ofc","ofc",2
"ong","ong",2
"original","original",2
"overwhelmed","overwhelmed",2
"painful","painful",2
"pass","pass",2
"passing","passing",2
"pasteliikawaii","pasteliikawaii",2
"pay","pay",2
"perfectly","perfectly",2
"permission","permission",2
"personally","personally",2
"petersramka","petersramka",2
"picked","picked",2
"playboi","playboi",2
"playing","playing",2
"playlist","playlist",2
"plays","plays",2
"post","post",2
"prettiest","prettiest",2
"prob","prob",2
"property","property",2
"radio","radio",2
"random","random",2
"reaction","reaction",2
"ready","ready",2
"realized","realized",2
"recognize","recognize",2
"recommend","recommend",2
"relate","relate",2
"respect","respect",2
"restraint","restraint",2
"rivers","rivers",2
"romantic","romantic",2
"round","round",2
"rude","rude",2
"rust","rust",2
"salute","salute",2
"samara","samara",2
"sana","sana",2
"save","save",2
"search","search",2
"seconds","seconds",2
"secrets","secrets",2
"select","select",2
"send","send",2
"shaking","shaking",2
"shatter","shatter",2
"shatters","shatters",2
"shock","shock",2
"short","short",2
"show","show",2
"sigh","sigh",2
"sign","sign",2
"single","single",2
"sings","sings",2
"sirens","sirens",2
"sit","sit",2
"sixteen","sixteen",2
"slip","slip",2
"smiled","smiled",2
"sneak","sneak",2
"soaked","soaked",2
"sobbing","sobbing",2
"social","social",2
"solution","solution",2
"space","space",2
"spalding","spalding",2
"spectrum","spectrum",2
"spring","spring",2
"stairs","stairs",2
"standing","standing",2
"stare","stare",2
"stayed","stayed",2
"staying","staying",2
"steal","steal",2
"stormy","stormy",2
"story","story",2
"straight","straight",2
"strange","strange",2
"strong","strong",2
"struggle","struggle",2
"stuck","stuck",2
"studies","studies",2
"sunset","sunset",2
"surely","surely",2
"surrounded","surrounded",2
"swept","swept",2
"swore","swore",2
"talent","talent",2
"temptation","temptation",2
"tend","tend",2
"text","text",2
"thankyou","thankyou",2
"tip","tip",2
"tolerated","tolerated",2
"tomorrow","tomorrow",2
"tonight","tonight",2
"traditional","traditional",2
"tube","tube",2
"twinning","twinning",2
"twisted","twisted",2
"typing","typing",2
"tysm","tysm",2
"useryoyjqnj","useryoyjqnj",2
"valentines","valentines",2
"vent","vent",2
"videos","videos",2
"view","view",2
"walk","walk",2
"wealth","wealth",2
"wear","wear",2
"white","white",2
"wishes","wishes",2
"womp","womp",2
"working","working",2
"write","write",2
"writing","writing",2
"wrong","wrong",2
"youphenixx","youphenixx",2
"youre","youre",2
"zmbnd","zmbnd",2
"aadjust","aadjust",1
"aarons","aarons",1
"absolute","absolute",1
"abuse","abuse",1
"abused","abused",1
"acabas","acabas",1
"academics","academics",1
"accepting","accepting",1
"access","access",1
"achieve","achieve",1
"actual","actual",1
"adblocker","adblocker",1
"add","add",1
"added","added",1
"admire","admire",1
"advice","advice",1
"afar","afar",1
"ages","ages",1
"aggressively","aggressively",1
"agnemackeviciute","agnemackeviciute",1
"agreed","agreed",1
"aha","aha",1
"ahead","ahead",1
"ahh","ahh",1
"akan","akan",1
"ako","ako",1
"aku","aku",1
"allat","allat",1
"alot","alot",1
"altered","altered",1
"amazed","amazed",1
"amirite","amirite",1
"angels","angels",1
"anjo","anjo",1
"answer","answer",1
"antay","antay",1
"antiromantic","antiromantic",1
"apparent","apparent",1
"appreciated","appreciated",1
"approach","approach",1
"april","april",1
"aree","aree",1
"arent","arent",1
"aromatic","aromatic",1
"art","art",1
"arthurgonser","arthurgonser",1
"arthurkh","arthurkh",1
"artists","artists",1
"asexual","asexual",1
"aspiration","aspiration",1
"aspirations","aspirations",1
"aspire","aspire",1
"associate","associate",1
"assume","assume",1
"attacks","attacks",1
"audacious","audacious",1
"audacity","audacity",1
"awesome","awesome",1
"awwit","awwit",1
"babes","babes",1
"backdrop","backdrop",1
"badly","badly",1
"bago","bago",1
"bahwa","bahwa",1
"baker","baker",1
"balik","balik",1
"balling","balling",1
"balls","balls",1
"barked","barked",1
"barricade","barricade",1
"based","based",1
"basis","basis",1
"basketball","basketball",1
"bawling","bawling",1
"bebel","bebel",1
"bedroom","bedroom",1
"bee","bee",1
"beggar","beggar",1
"begin","begin",1
"believed","believed",1
"belt","belt",1
"berbudy","berbudy",1
"bestie","bestie",1
"big","big",1
"bigger","bigger",1
"biggest","biggest",1
"bike","bike",1
"bio","bio",1
"birgitterizkalla","birgitterizkalla",1
"blackawita","blackawita",1
"blahaj","blahaj",1
"blahblahblah","blahblahblah",1
"blameitonlaufey","blameitonlaufey",1
"blown","blown",1
"blud","blud",1
"blue","blue",1
"boat","boat",1
"bobski","bobski",1
"bomb","bomb",1
"bookclub","bookclub",1
"books","books",1
"bottom","bottom",1
"boubouduconsbcbso","boubouduconsbcbso",1
"brilliant","brilliant",1
"bros","bros",1
"brothers","brothers",1
"brought","brought",1
"browhatamisupposedtoputhere","browhatamisupposedtoputhere",1
"broyes","broyes",1
"bruda","bruda",1
"brunch","brunch",1
"bruv","bruv",1
"bsf","bsf",1
"bugs","bugs",1
"build","build",1
"burnt","burnt",1
"bursts","bursts",1
"bus","bus",1
"business","business",1
"busy","busy",1
"buy","buy",1
"cajn","cajn",1
"calabreso","calabreso",1
"calculated","calculated",1
"calling","calling",1
"calm","calm",1
"cara","cara",1
"caracteristicas","caracteristicas",1
"career","career",1
"cars","cars",1
"cartoon","cartoon",1
"catharsis","catharsis",1
"cello","cello",1
"certified","certified",1
"cgs","cgs",1
"champ","champ",1
"chances","chances",1
"charger","charger",1
"charlie","charlie",1
"charming","charming",1
"chats","chats",1
"cheated","cheated",1
"checkmbruhfr","checkmbruhfr",1
"cheering","cheering",1
"cheers","cheers",1
"chello","chello",1
"child","child",1
"children","children",1
"china","china",1
"chosen","chosen",1
"christ","christ",1
"cinta","cinta",1
"classic","classic",1
"classical","classical",1
"classmate","classmate",1
"clave","clave",1
"coincidences","coincidences",1
"college","college",1
"colonelstraker","colonelstraker",1
"comedy","comedy",1
"comfort","comfort",1
"comfortable","comfortable",1
"complately","complately",1
"complex","complex",1
"compliment","compliment",1
"comprensible","comprensible",1
"confidence","confidence",1
"confirm","confirm",1
"congrats","congrats",1
"congratulations","congratulations",1
"congrautualtios","congrautualtios",1
"constructive","constructive",1
"contemporary","contemporary",1
"cooked","cooked",1
"copy","copy",1
"correctly","correctly",1
"cosmoi","cosmoi",1
"cover","cover",1
"crafted","crafted",1
"crayolafanan","crayolafanan",1
"crazy","crazy",1
"cream","cream",1
"creative","creative",1
"criticizing","criticizing",1
"crushes","crushes",1
"cube","cube",1
"cycle","cycle",1
"dang","dang",1
"darling","darling",1
"das","das",1
"daydreams","daydreams",1
"deal","deal",1
"dear","dear",1
"def","def",1
"defenestrateyourself","defenestrateyourself",1
"definite","definite",1
"delete","delete",1
"delulu","delulu",1
"deny","deny",1
"depending","depending",1
"depends","depends",1
"deranged","deranged",1
"describing","describing",1
"description","description",1
"deseo","deseo",1
"deserve","deserve",1
"deserved","deserved",1
"dia","dia",1
"diana","diana",1
"didnt","didnt",1
"didntintrovertedcontent","didntintrovertedcontent",1
"die","die",1
"difficult","difficult",1
"direct","direct",1
"director","director",1
"disconnect","disconnect",1
"discover","discover",1
"discovered","discovered",1
"discuss","discuss",1
"disliked","disliked",1
"disney","disney",1
"dog","dog",1
"dookielmao","dookielmao",1
"doris","doris",1
"download","download",1
"downright","downright",1
"downs","downs",1
"draws","draws",1
"dribble","dribble",1
"dribbling","dribbling",1
"drj","drj",1
"drumspercussion","drumspercussion",1
"due","due",1
"duendesmagicos","duendesmagicos",1
"duing","duing",1
"dumbass","dumbass",1
"dumm","dumm",1
"dumped","dumped",1
"duo","duo",1
"dwellwallow","dwellwallow",1
"eana","eana",1
"earlisonline","earlisonline",1
"early","early",1
"earned","earned",1
"earth","earth",1
"easter","easter",1
"easy","easy",1
"eating","eating",1
"ebee","ebee",1
"echos","echos",1
"ect","ect",1
"ecting","ecting",1
"efforts","efforts",1
"egg","egg",1
"elderly","elderly",1
"elitist","elitist",1
"emocion","emocion",1
"enchanted","enchanted",1
"encouraging","encouraging",1
"ending","ending",1
"endingevoli","endingevoli",1
"energy","energy",1
"energytimefocus","energytimefocus",1
"engage","engage",1
"english","english",1
"englishman","englishman",1
"enjoying","enjoying",1
"entiendo","entiendo",1
"entire","entire",1
"entonces","entonces",1
"ersresre","ersresre",1
"erts","erts",1
"escuchar","escuchar",1
"estar","estar",1
"events","events",1
"evoli","evoli",1
"evolicongrats","evolicongrats",1
"evolicongratulations","evolicongratulations",1
"evolidang","evolidang",1
"ewe","ewe",1
"exact","exact",1
"excitement","excitement",1
"exhausted","exhausted",1
"exist","exist",1
"eye","eye",1
"eyeball","eyeball",1
"failed","failed",1
"faith","faith",1
"fam","fam",1
"famous","famous",1
"fanboubouduconsbcb","fanboubouduconsbcb",1
"fani","fani",1
"fantastic","fantastic",1
"fastnakusyour","fastnakusyour",1
"father","father",1
"fauzianalwogaso","fauzianalwogaso",1
"favorite","favorite",1
"favorites","favorites",1
"favourite","favourite",1
"febreeze","febreeze",1
"female","female",1
"fiction","fiction",1
"fighting","fighting",1
"filipino","filipino",1
"filled","filled",1
"financial","financial",1
"finding","finding",1
"flow","flow",1
"focusing","focusing",1
"folkie","folkie",1
"follow","follow",1
"followers","followers",1
"fool","fool",1
"forca","forca",1
"fortunately","fortunately",1
"foster","foster",1
"fox","fox",1
"freaking","freaking",1
"frl","frl",1
"front","front",1
"frr","frr",1
"frshr","frshr",1
"funnily","funnily",1
"fur","fur",1
"fusion","fusion",1
"future","future",1
"gabrochart","gabrochart",1
"gal","gal",1
"galacticnovaoverlordthank","galacticnovaoverlordthank",1
"gang","gang",1
"ganun","ganun",1
"garland","garland",1
"gatekept","gatekept",1
"gave","gave",1
"gawin","gawin",1
"gay","gay",1
"general","general",1
"genero","genero",1
"genuinely","genuinely",1
"gesture","gesture",1
"getsigh","getsigh",1
"gibson","gibson",1
"gifts","gifts",1
"gig","gig",1
"gilberto","gilberto",1
"ginger","ginger",1
"gingie","gingie",1
"girlie","girlie",1
"gleefully","gleefully",1
"goals","goals",1
"goesbdg","goesbdg",1
"goodluck","goodluck",1
"gorgeous","gorgeous",1
"gotcha","gotcha",1
"government","government",1
"grab","grab",1
"grammy","grammy",1
"gran","gran",1
"grandchildren","grandchildren",1
"grassy","grassy",1
"gratitudes","gratitudes",1
"graysexualrom","graysexualrom",1
"grief","grief",1
"grieve","grieve",1
"grounded","grounded",1
"group","group",1
"grow","grow",1
"guage","guage",1
"guilty","guilty",1
"habang","habang",1
"hahaha","hahaha",1
"hahahaha","hahahaha",1
"hahahahah","hahahahah",1
"hairy","hairy",1
"halos","halos",1
"handle","handle",1
"happening","happening",1
"harm","harm",1
"hated","hated",1
"hater","hater",1
"heading","heading",1
"healingpurging","healingpurging",1
"hearing","hearing",1
"hearts","hearts",1
"heartwarming","heartwarming",1
"helpless","helpless",1
"hereone","hereone",1
"heritage","heritage",1
"hermano","hermano",1
"hey","hey",1
"hfrxyup","hfrxyup",1
"hhfjf","hhfjf",1
"higher","higher",1
"history","history",1
"hleptobujda","hleptobujda",1
"holy","holy",1
"homies","homies",1
"honest","honest",1
"honey","honey",1
"hood","hood",1
"hour","hour",1
"howdit","howdit",1
"hows","hows",1
"huge","huge",1
"hugs","hugs",1
"huh","huh",1
"human","human",1
"humor","humor",1
"husband","husband",1
"huskeddust","huskeddust",1
"hve","hve",1
"ice","ice",1
"ideal","ideal",1
"idealized","idealized",1
"identical","identical",1
"identifiable","identifiable",1
"identify","identify",1
"idols","idols",1
"iess","iess",1
"ight","ight",1
"ignoring","ignoring",1
"iheartchoi","iheartchoi",1
"ijustlikemushroomsoki","ijustlikemushroomsoki",1
"ilysm","ilysm",1
"image","image",1
"imagine","imagine",1
"imagines","imagines",1
"impeccably","impeccably",1
"imperfectly","imperfectly",1
"important","important",1
"imposter","imposter",1
"inaano","inaano",1
"incarnate","incarnate",1
"included","included",1
"incredible","incredible",1
"individuals","individuals",1
"info","info",1
"informing","informing",1
"ini","ini",1
"inlove","inlove",1
"insanehave","insanehave",1
"inspired","inspired",1
"install","install",1
"instant","instant",1
"instantly","instantly",1
"insulting","insulting",1
"interpretationlaufey","interpretationlaufey",1
"intimate","intimate",1
"introduced","introduced",1
"iou","iou",1
"irmao","irmao",1
"isaacatyoutube","isaacatyoutube",1
"isxrtthere","isxrtthere",1
"ivelissesairro","ivelissesairro",1
"jacked","jacked",1
"jacobthereal","jacobthereal",1
"jacquelineuyyou","jacquelineuyyou",1
"janji","janji",1
"jaylynyoung","jaylynyoung",1
"jaylynyoungit","jaylynyoungit",1
"jazzpop","jazzpop",1
"jenniyeah","jenniyeah",1
"jesus","jesus",1
"jesusaveslives","jesusaveslives",1
"job","job",1
"joking","joking",1
"jokingly","jokingly",1
"joyceannebrinosa","joyceannebrinosa",1
"judy","judy",1
"juko","juko",1
"julie","julie",1
"justahijabichilling","justahijabichilling",1
"kakantahin","kakantahin",1
"kana","kana",1
"kanta","kanta",1
"kasi","kasi",1
"kaya","kaya",1
"kaylenejantjes","kaylenejantjes",1
"kecil","kecil",1
"kendallhartu","kendallhartu",1
"ketanmanchanda","ketanmanchanda",1
"key","key",1
"keying","keying",1
"kids","kids",1
"killed","killed",1
"kissed","kissed",1
"kita","kita",1
"klkllop","klkllop",1
"knees","knees",1
"knowing","knowing",1
"krall","krall",1
"kumakanta","kumakanta",1
"kung","kung",1
"label","label",1
"ladyshe","ladyshe",1
"lagu","lagu",1
"laining","laining",1
"latin","latin",1
"laufeyshe","laufeyshe",1
"laufreys","laufreys",1
"laughs","laughs",1
"laws","laws",1
"lawyer","lawyer",1
"layvay","layvay",1
"learning","learning",1
"les","les",1
"lets","lets",1
"letters","letters",1
"lgbtq","lgbtq",1
"liar","liar",1
"lie","lie",1
"lies","lies",1
"likeu","likeu",1
"likewho","likewho",1
"linasoto","linasoto",1
"lisa","lisa",1
"list","list",1
"listing","listing",1
"lobotomy","lobotomy",1
"london","london",1
"longing","longing",1
"loonylunatic","loonylunatic",1
"luckyyintrovertedcontent","luckyyintrovertedcontent",1
"lve","lve",1
"lyn","lyn",1
"lyricsgod","lyricsgod",1
"mad","mad",1
"magnussonbernhoft","magnussonbernhoft",1
"main","main",1
"mais","mais",1
"making","making",1
"male","male",1
"males","males",1
"managed","managed",1
"marking","marking",1
"masa","masa",1
"masc","masc",1
"mate","mate",1
"mati","mati",1
"matrixhun","matrixhun",1
"mature","mature",1
"mawalan","mawalan",1
"maye","maye",1
"meall","meall",1
"meant","meant",1
"media","media",1
"meds","meds",1
"memories","memories",1
"mengigatkan","mengigatkan",1
"mental","mental",1
"mentally","mentally",1
"mention","mention",1
"mentioned","mentioned",1
"meyakinkanku","meyakinkanku",1
"mga","mga",1
"miaukocjatheoriginal","miaukocjatheoriginal",1
"mines","mines",1
"minutes","minutes",1
"mixture","mixture",1
"modern","modern",1
"monday","monday",1
"monobrow","monobrow",1
"mrsteviethegreat","mrsteviethegreat",1
"mrym","mrym",1
"multitudes","multitudes",1
"musical","musical",1
"musicdance","musicdance",1
"musicians","musicians",1
"mymelody","mymelody",1
"mystery","mystery",1
"nada","nada",1
"nag","nag",1
"nahh","nahh",1
"nakanood","nakanood",1
"namun","namun",1
"nao","nao",1
"naturally","naturally",1
"nawh","nawh",1
"needing","needing",1
"neka","neka",1
"news","news",1
"ngl","ngl",1
"nicely","nicely",1
"nickbacchusfr","nickbacchusfr",1
"nig","nig",1
"nila","nila",1
"nossas","nossas",1
"notaveis","notaveis",1
"notes","notes",1
"noth","noth",1
"notifications","notifications",1
"nou","nou",1
"nuking","nuking",1
"numb","numb",1
"observably","observably",1
"odd","odd",1
"office","office",1
"oftenconsistently","oftenconsistently",1
"oftenmudkip","oftenmudkip",1
"ohhow","ohhow",1
"ohmygosh","ohmygosh",1
"oleg","oleg",1
"olivia","olivia",1
"omens","omens",1
"omfg","omfg",1
"ommg","ommg",1
"ono","ono",1
"onuraltun","onuraltun",1
"onuraltunwe","onuraltunwe",1
"oop","oop",1
"opinions","opinions",1
"opposite","opposite",1
"optimal","optimal",1
"orientation","orientation",1
"oriented","oriented",1
"originally","originally",1
"osure","osure",1
"outcast","outcast",1
"overrated","overrated",1
"paddock","paddock",1
"pag","pag",1
"page","page",1
"pair","pair",1
"palabras","palabras",1
"panic","panic",1
"pano","pano",1
"pants","pants",1
"papa","papa",1
"para","para",1
"parang","parang",1
"parboiledmpoh","parboiledmpoh",1
"parcero","parcero",1
"pareja","pareja",1
"part","part",1
"partner","partner",1
"paso","paso",1
"passion","passion",1
"past","past",1
"patch","patch",1
"path","path",1
"pattern","pattern",1
"peace","peace",1
"peak","peak",1
"penguinzart","penguinzart",1
"pepperoni","pepperoni",1
"percussion","percussion",1
"perform","perform",1
"performed","performed",1
"pero","pero",1
"persons","persons",1
"perspective","perspective",1
"pet","pet",1
"philharmonic","philharmonic",1
"phone","phone",1
"photos","photos",1
"phrase","phrase",1
"phrasing","phrasing",1
"piano","piano",1
"pieces","pieces",1
"pinas","pinas",1
"pixellknight","pixellknight",1
"place","place",1
"placer","placer",1
"plagiarizing","plagiarizing",1
"plain","plain",1
"planet","planet",1
"platonic","platonic",1
"play","play",1
"plenty","plenty",1
"plis","plis",1
"pls","pls",1
"points","points",1
"poor","poor",1
"poppy","poppy",1
"popular","popular",1
"posting","posting",1
"postponed","postponed",1
"power","power",1
"powerful","powerful",1
"prefer","prefer",1
"preform","preform",1
"premium","premium",1
"present","present",1
"presentation","presentation",1
"prettydo","prettydo",1
"prewtty","prewtty",1
"princesses","princesses",1
"pringles","pringles",1
"prisoner","prisoner",1
"problems","problems",1
"profile","profile",1
"profoundly","profoundly",1
"proudly","proudly",1
"provoking","provoking",1
"publish","publish",1
"pull","pull",1
"pure","pure",1
"putting","putting",1
"qlangohr","qlangohr",1
"quote","quote",1
"race","race",1
"radiate","radiate",1
"rambling","rambling",1
"ramunekunnlets","ramunekunnlets",1
"rated","rated",1
"reach","reach",1
"reached","reached",1
"reaches","reaches",1
"realest","realest",1
"realise","realise",1
"realised","realised",1
"reall","reall",1
"reals","reals",1
"reason","reason",1
"reasons","reasons",1
"rec","rec",1
"recently","recently",1
"recommendation","recommendation",1
"recommended","recommended",1
"recorded","recorded",1
"redirect","redirect",1
"referring","referring",1
"refilled","refilled",1
"reflection","reflection",1
"refreshing","refreshing",1
"regret","regret",1
"release","release",1
"reminder","reminder",1
"remotely","remotely",1
"rendition","rendition",1
"rent","rent",1
"repulse","repulse",1
"repulsion","repulsion",1
"resisting","resisting",1
"respectful","respectful",1
"rest","rest",1
"revelation","revelation",1
"revolutionary","revolutionary",1
"rience","rience",1
"rin","rin",1
"rip","rip",1
"rises","rises",1
"risking","risking",1
"risks","risks",1
"rlly","rlly",1
"robin","robin",1
"rodrigo","rodrigo",1
"romanticizing","romanticizing",1
"root","root",1
"rruin","rruin",1
"rush","rush",1
"sabayan","sabayan",1
"sadly","sadly",1
"sae","sae",1
"saiki","saiki",1
"samba","samba",1
"santa","santa",1
"satyanarayannayakaww","satyanarayannayakaww",1
"savior","savior",1
"sayang","sayang",1
"seattle","seattle",1
"sebastiaendang","sebastiaendang",1
"secretly","secretly",1
"selawe","selawe",1
"selfwritten","selfwritten",1
"sense","sense",1
"separate","separate",1
"services","services",1
"sever","sever",1
"shivexcuse","shivexcuse",1
"shorter","shorter",1
"shown","shown",1
"shut","shut",1
"siczhbl","siczhbl",1
"silencezoesanaafostergolver","silencezoesanaafostergolver",1
"silent","silent",1
"silly","silly",1
"silver","silver",1
"similar","similar",1
"simp","simp",1
"simpingraccoon","simpingraccoon",1
"simple","simple",1
"simply","simply",1
"singing","singing",1
"sirmaam","sirmaam",1
"sisterbrother","sisterbrother",1
"sisters","sisters",1
"skip","skip",1
"slayerliciousscoliosis","slayerliciousscoliosis",1
"slick","slick",1
"slowly","slowly",1
"slugcow","slugcow",1
"smaller","smaller",1
"smarty","smarty",1
"smth","smth",1
"snow","snow",1
"socials","socials",1
"softy","softy",1
"sold","sold",1
"solem","solem",1
"solitary","solitary",1
"solitude","solitude",1
"solulu","solulu",1
"someones","someones",1
"son","son",1
"songwriter","songwriter",1
"songwriters","songwriters",1
"sooner","sooner",1
"sorrow","sorrow",1
"soulless","soulless",1
"souls","souls",1
"sounding","sounding",1
"spare","spare",1
"specifically","specifically",1
"speed","speed",1
"spend","spend",1
"spicy","spicy",1
"spirit","spirit",1
"spiritual","spiritual",1
"spotify","spotify",1
"spots","spots",1
"standard","standard",1
"stanford","stanford",1
"startersheep","startersheep",1
"stated","stated",1
"station","station",1
"statistically","statistically",1
"stephaniee","stephaniee",1
"steven","steven",1
"stigma","stigma",1
"stirred","stirred",1
"stopped","stopped",1
"store","store",1
"straght","straght",1
"strangers","strangers",1
"stream","stream",1
"streaming","streaming",1
"strengthen","strengthen",1
"studying","studying",1
"stumbled","stumbled",1
"stupid","stupid",1
"stxrgrl","stxrgrl",1
"subject","subject",1
"subtitles","subtitles",1
"suck","suck",1
"sucks","sucks",1
"suerte","suerte",1
"sugar","sugar",1
"suicide","suicide",1
"super","super",1
"supposed","supposed",1
"surgery","surgery",1
"swift","swift",1
"sya","sya",1
"syang","syang",1
"tama","tama",1
"tanpa","tanpa",1
"targeting","targeting",1
"taste","taste",1
"tayo","tayo",1
"tea","tea",1
"team","team",1
"tear","tear",1
"teenager","teenager",1
"telah","telah",1
"terima","terima",1
"terms","terms",1
"terrified","terrified",1
"texted","texted",1
"texture","texture",1
"thatswhaturmomsaid","thatswhaturmomsaid",1
"therapists","therapists",1
"thoughh","thoughh",1
"thoughts","thoughts",1
"thriving","thriving",1
"throw","throw",1
"throwback","throwback",1
"thumbnail","thumbnail",1
"thvery","thvery",1
"tickets","tickets",1
"tik","tik",1
"timeand","timeand",1
"tmmr","tmmr",1
"tok","tok",1
"top","top",1
"torch","torch",1
"total","total",1
"training","training",1
"trapconnoisseur","trapconnoisseur",1
"trash","trash",1
"treasure","treasure",1
"truee","truee",1
"truth","truth",1
"tsaka","tsaka",1
"tskr","tskr",1
"tsym","tsym",1
"tubamirum","tubamirum",1
"tuesday","tuesday",1
"tune","tune",1
"tunes","tunes",1
"tungsten","tungsten",1
"tus","tus",1
"types","types",1
"tysmm","tysmm",1
"ugali","ugali",1
"uma","uma",1
"una","una",1
"unbearable","unbearable",1
"uncomfortable","uncomfortable",1
"underrated","underrated",1
"universally","universally",1
"unknown","unknown",1
"unknownweeb","unknownweeb",1
"uno","uno",1
"upd","upd",1
"updates","updates",1
"ups","ups",1
"urge","urge",1
"userkgoyxvh","userkgoyxvh",1
"useruijyhzosame","useruijyhzosame",1
"userwuhvkkvokay","userwuhvkkvokay",1
"useryoyjqnjim","useryoyjqnjim",1
"valid","valid",1
"varies","varies",1
"versos","versos",1
"video","video",1
"violated","violated",1
"violating","violating",1
"violin","violin",1
"viral","viral",1
"virtual","virtual",1
"vivithegrthat","vivithegrthat",1
"vocal","vocal",1
"vocalist","vocalist",1
"vocalists","vocalists",1
"vocals","vocals",1
"voiceo","voiceo",1
"wag","wag",1
"wala","wala",1
"walang","walang",1
"wall","wall",1
"wanna","wanna",1
"wasted","wasted",1
"watching","watching",1
"week","week",1
"weekend","weekend",1
"weeks","weeks",1
"weight","weight",1
"whar","whar",1
"wholesome","wholesome",1
"wife","wife",1
"wise","wise",1
"wishi","wishi",1
"wishing","wishing",1
"woa","woa",1
"woman","woman",1
"women","women",1
"wonderful","wonderful",1
"wont","wont",1
"worried","worried",1
"worst","worst",1
"wow","wow",1
"writes","writes",1
"writingintrovertedcontent","writingintrovertedcontent",1
"yall","yall",1
"yang","yang",1
"yess","yess",1
"yesterday","yesterday",1
"yknow","yknow",1
"yup","yup",1
"zamn","zamn",1
"zoesanaafostergolver","zoesanaafostergolver",1
"zone","zone",1
"zulemamagalyurizarquiroa","zulemamagalyurizarquiroa",1
